# {'participant': 'clonesa_g2_002', 'age': '27', 'sex': 'M', 'session': 'N', 'EEG': 'Yes', 'Block number': '4', 'duration in min': '5', 'P.freq': '1: 40-80 s', 'date': '2022_mars_31_1434', 'expName': 'FT-RSGT', 'frameRate': 59.94988815596704}
condition,subj, age,sex,block_num,EEG,probe_freq,trial,time, stimulus, response
baseline_4,clonesa_g2_002,27,M,4,True,1_probe_min,0,0.0004029274,stimulus,
baseline_4,clonesa_g2_002,27,M,4,True,1_probe_min,0,0.2191030979,tap,l
baseline_4,clonesa_g2_002,27,M,4,True,1_probe_min,1,0.7501759529,stimulus,
baseline_4,clonesa_g2_002,27,M,4,True,1_probe_min,1,1.0066480637,tap,l
baseline_4,clonesa_g2_002,27,M,4,True,1_probe_min,1,1.1937561035,tap,l
baseline_4,clonesa_g2_002,27,M,4,True,1_probe_min,2,1.5001809597,stimulus,
baseline_4,clonesa_g2_002,27,M,4,True,1_probe_min,2,1.6283750534,tap,s
baseline_4,clonesa_g2_002,27,M,4,True,1_probe_min,2,2.2335810661,tap,l
baseline_4,clonesa_g2_002,27,M,4,True,1_probe_min,3,2.2502019405,stimulus,
baseline_4,clonesa_g2_002,27,M,4,True,1_probe_min,3,2.9522879124,tap,l
baseline_4,clonesa_g2_002,27,M,4,True,1_probe_min,4,3.0002210140,stimulus,
baseline_4,clonesa_g2_002,27,M,4,True,1_probe_min,4,3.7236900330,tap,l
baseline_4,clonesa_g2_002,27,M,4,True,1_probe_min,5,3.7502419949,stimulus,
baseline_4,clonesa_g2_002,27,M,4,True,1_probe_min,5,4.4505391121,tap,l
baseline_4,clonesa_g2_002,27,M,4,True,1_probe_min,6,4.5002529621,stimulus,
baseline_4,clonesa_g2_002,27,M,4,True,1_probe_min,6,5.1651470661,tap,s
baseline_4,clonesa_g2_002,27,M,4,True,1_probe_min,7,5.2502679825,stimulus,
baseline_4,clonesa_g2_002,27,M,4,True,1_probe_min,7,5.8959779739,tap,l
baseline_4,clonesa_g2_002,27,M,4,True,1_probe_min,8,6.0002820492,stimulus,
baseline_4,clonesa_g2_002,27,M,4,True,1_probe_min,8,6.6876759529,tap,s
baseline_4,clonesa_g2_002,27,M,4,True,1_probe_min,9,6.7503030300,stimulus,
baseline_4,clonesa_g2_002,27,M,4,True,1_probe_min,9,7.4024720192,tap,l
baseline_4,clonesa_g2_002,27,M,4,True,1_probe_min,10,7.5003159046,stimulus,
baseline_4,clonesa_g2_002,27,M,4,True,1_probe_min,10,8.1291959286,tap,s
baseline_4,clonesa_g2_002,27,M,4,True,1_probe_min,11,8.2503359318,stimulus,
baseline_4,clonesa_g2_002,27,M,4,True,1_probe_min,11,8.9374470711,tap,s
baseline_4,clonesa_g2_002,27,M,4,True,1_probe_min,12,9.0003950596,stimulus,
baseline_4,clonesa_g2_002,27,M,4,True,1_probe_min,12,9.6559669971,tap,s
baseline_4,clonesa_g2_002,27,M,4,True,1_probe_min,13,9.7503769398,stimulus,
baseline_4,clonesa_g2_002,27,M,4,True,1_probe_min,13,10.4516611099,tap,l
baseline_4,clonesa_g2_002,27,M,4,True,1_probe_min,14,10.5003969669,stimulus,
baseline_4,clonesa_g2_002,27,M,4,True,1_probe_min,14,11.2353229523,tap,l
baseline_4,clonesa_g2_002,27,M,4,True,1_probe_min,15,11.2504329681,stimulus,
baseline_4,clonesa_g2_002,27,M,4,True,1_probe_min,15,11.9866080284,tap,l
baseline_4,clonesa_g2_002,27,M,4,True,1_probe_min,16,12.0004289150,stimulus,
baseline_4,clonesa_g2_002,27,M,4,True,1_probe_min,16,12.7093839645,tap,l
baseline_4,clonesa_g2_002,27,M,4,True,1_probe_min,17,12.7504510880,stimulus,
baseline_4,clonesa_g2_002,27,M,4,True,1_probe_min,17,13.4442689419,tap,s
baseline_4,clonesa_g2_002,27,M,4,True,1_probe_min,18,13.5004789829,stimulus,
baseline_4,clonesa_g2_002,27,M,4,True,1_probe_min,18,14.1548790932,tap,l
baseline_4,clonesa_g2_002,27,M,4,True,1_probe_min,19,14.2504870892,stimulus,
baseline_4,clonesa_g2_002,27,M,4,True,1_probe_min,19,14.8980040550,tap,l
baseline_4,clonesa_g2_002,27,M,4,True,1_probe_min,20,15.0005171299,stimulus,
baseline_4,clonesa_g2_002,27,M,4,True,1_probe_min,20,15.6532099247,tap,l
baseline_4,clonesa_g2_002,27,M,4,True,1_probe_min,21,15.7505381107,stimulus,
baseline_4,clonesa_g2_002,27,M,4,True,1_probe_min,21,16.4206070900,tap,s
baseline_4,clonesa_g2_002,27,M,4,True,1_probe_min,22,16.5005559921,stimulus,
baseline_4,clonesa_g2_002,27,M,4,True,1_probe_min,22,17.1799280643,tap,s
baseline_4,clonesa_g2_002,27,M,4,True,1_probe_min,23,17.2505691051,stimulus,
baseline_4,clonesa_g2_002,27,M,4,True,1_probe_min,23,17.9148149490,tap,s
baseline_4,clonesa_g2_002,27,M,4,True,1_probe_min,24,18.0005869865,stimulus,
baseline_4,clonesa_g2_002,27,M,4,True,1_probe_min,24,18.6092119217,tap,s
baseline_4,clonesa_g2_002,27,M,4,True,1_probe_min,25,18.7506139278,stimulus,
baseline_4,clonesa_g2_002,27,M,4,True,1_probe_min,25,19.3928620815,tap,l
baseline_4,clonesa_g2_002,27,M,4,True,1_probe_min,26,19.5006260872,stimulus,
baseline_4,clonesa_g2_002,27,M,4,True,1_probe_min,26,20.1522409916,tap,s
baseline_4,clonesa_g2_002,27,M,4,True,1_probe_min,27,20.2506449223,stimulus,
baseline_4,clonesa_g2_002,27,M,4,True,1_probe_min,27,20.9236819744,tap,l
baseline_4,clonesa_g2_002,27,M,4,True,1_probe_min,28,21.0006589890,stimulus,
baseline_4,clonesa_g2_002,27,M,4,True,1_probe_min,28,21.6667129993,tap,l
baseline_4,clonesa_g2_002,27,M,4,True,1_probe_min,29,21.7506859303,stimulus,
baseline_4,clonesa_g2_002,27,M,4,True,1_probe_min,29,22.4503970146,tap,l
baseline_4,clonesa_g2_002,27,M,4,True,1_probe_min,30,22.5006949902,stimulus,
baseline_4,clonesa_g2_002,27,M,4,True,1_probe_min,30,23.1892468929,tap,s
baseline_4,clonesa_g2_002,27,M,4,True,1_probe_min,31,23.2507159710,stimulus,
baseline_4,clonesa_g2_002,27,M,4,True,1_probe_min,31,23.9161400795,tap,s
baseline_4,clonesa_g2_002,27,M,4,True,1_probe_min,32,24.0007410049,stimulus,
baseline_4,clonesa_g2_002,27,M,4,True,1_probe_min,32,24.6307559013,tap,s
baseline_4,clonesa_g2_002,27,M,4,True,1_probe_min,33,24.7507569790,stimulus,
baseline_4,clonesa_g2_002,27,M,4,True,1_probe_min,33,25.3940539360,tap,s
baseline_4,clonesa_g2_002,27,M,4,True,1_probe_min,34,25.5007770061,stimulus,
baseline_4,clonesa_g2_002,27,M,4,True,1_probe_min,34,26.2021319866,tap,l
baseline_4,clonesa_g2_002,27,M,4,True,1_probe_min,35,26.2508699894,stimulus,
baseline_4,clonesa_g2_002,27,M,4,True,1_probe_min,35,26.9655380249,tap,l
baseline_4,clonesa_g2_002,27,M,4,True,1_probe_min,36,27.0008831024,stimulus,
baseline_4,clonesa_g2_002,27,M,4,True,1_probe_min,36,27.7167561054,tap,l
baseline_4,clonesa_g2_002,27,M,4,True,1_probe_min,37,27.7509379387,stimulus,
baseline_4,clonesa_g2_002,27,M,4,True,1_probe_min,37,28.4354410172,tap,l
baseline_4,clonesa_g2_002,27,M,4,True,1_probe_min,38,28.5009229183,stimulus,
baseline_4,clonesa_g2_002,27,M,4,True,1_probe_min,38,29.2109179497,tap,s
baseline_4,clonesa_g2_002,27,M,4,True,1_probe_min,39,29.2509400845,stimulus,
baseline_4,clonesa_g2_002,27,M,4,True,1_probe_min,39,29.9418270588,tap,s
baseline_4,clonesa_g2_002,27,M,4,True,1_probe_min,40,30.0009610653,stimulus,
baseline_4,clonesa_g2_002,27,M,4,True,1_probe_min,40,30.7173290253,tap,s
baseline_4,clonesa_g2_002,27,M,4,True,1_probe_min,41,30.7509219646,stimulus,
baseline_4,clonesa_g2_002,27,M,4,True,1_probe_min,41,31.4360110760,tap,s
baseline_4,clonesa_g2_002,27,M,4,True,1_probe_min,42,31.5009450912,stimulus,
baseline_4,clonesa_g2_002,27,M,4,True,1_probe_min,42,32.1141769886,tap,s
baseline_4,clonesa_g2_002,27,M,4,True,1_probe_min,43,32.2509570122,stimulus,
baseline_4,clonesa_g2_002,27,M,4,True,1_probe_min,43,32.8859119415,tap,l
baseline_4,clonesa_g2_002,27,M,4,True,1_probe_min,44,33.0009748936,stimulus,
baseline_4,clonesa_g2_002,27,M,4,True,1_probe_min,44,33.6693089008,tap,l
baseline_4,clonesa_g2_002,27,M,4,True,1_probe_min,45,33.7509880066,stimulus,
baseline_4,clonesa_g2_002,27,M,4,True,1_probe_min,45,34.4732420444,tap,l
baseline_4,clonesa_g2_002,27,M,4,True,1_probe_min,46,34.5010070801,stimulus,
baseline_4,clonesa_g2_002,27,M,4,True,1_probe_min,46,35.1676530838,tap,l
baseline_4,clonesa_g2_002,27,M,4,True,1_probe_min,47,35.2510340214,stimulus,
baseline_4,clonesa_g2_002,27,M,4,True,1_probe_min,47,35.9512560368,tap,s
baseline_4,clonesa_g2_002,27,M,4,True,1_probe_min,48,36.0010509491,stimulus,
baseline_4,clonesa_g2_002,27,M,4,True,1_probe_min,48,36.7268440723,tap,l
baseline_4,clonesa_g2_002,27,M,4,True,1_probe_min,49,36.7510750294,stimulus,
baseline_4,clonesa_g2_002,27,M,4,True,1_probe_min,49,37.4861829281,tap,s
baseline_4,clonesa_g2_002,27,M,4,True,1_probe_min,50,37.5010950565,stimulus,
baseline_4,clonesa_g2_002,27,M,4,True,1_probe_min,50,38.2372589111,tap,s
baseline_4,clonesa_g2_002,27,M,4,True,1_probe_min,51,38.2511150837,stimulus,
baseline_4,clonesa_g2_002,27,M,4,True,1_probe_min,51,38.9519529343,tap,l
baseline_4,clonesa_g2_002,27,M,4,True,1_probe_min,52,39.0011360645,stimulus,
baseline_4,clonesa_g2_002,27,M,4,True,1_probe_min,52,39.7274990082,tap,l
baseline_4,clonesa_g2_002,27,M,4,True,1_probe_min,53,39.7511570454,stimulus,
baseline_4,clonesa_g2_002,27,M,4,True,1_probe_min,53,40.4826920033,tap,l
baseline_4,clonesa_g2_002,27,M,4,True,1_probe_min,54,40.5011689663,stimulus,
baseline_4,clonesa_g2_002,27,M,4,True,1_probe_min,54,41.2337510586,tap,s
baseline_4,clonesa_g2_002,27,M,4,True,1_probe_min,55,41.2511920929,stimulus,
baseline_4,clonesa_g2_002,27,M,4,True,1_probe_min,55,41.9687650204,tap,s
baseline_4,clonesa_g2_002,27,M,4,True,1_probe_min,56,42.0012071133,stimulus,
baseline_4,clonesa_g2_002,27,M,4,True,1_probe_min,56,42.6874690056,tap,s
baseline_4,clonesa_g2_002,27,M,4,True,1_probe_min,57,42.7512259483,stimulus,
baseline_4,clonesa_g2_002,27,M,4,True,1_probe_min,57,43.4872429371,tap,l
baseline_4,clonesa_g2_002,27,M,4,True,1_probe_min,58,43.5012419224,stimulus,
baseline_4,clonesa_g2_002,27,M,4,True,1_probe_min,58,44.2385239601,tap,l
baseline_4,clonesa_g2_002,27,M,4,True,1_probe_min,59,44.2512650490,stimulus,
baseline_4,clonesa_g2_002,27,M,4,True,1_probe_min,59,44.9328229427,tap,s
baseline_4,clonesa_g2_002,27,M,4,True,1_probe_min,60,45.0012769699,stimulus,
baseline_4,clonesa_g2_002,27,M,4,True,1_probe_min,60,45.7286820412,tap,l
baseline_4,clonesa_g2_002,27,M,4,True,1_probe_min,61,45.7513000965,stimulus,
baseline_4,clonesa_g2_002,27,M,4,True,1_probe_min,61,46.4392380714,tap,s
baseline_4,clonesa_g2_002,27,M,4,True,1_probe_min,62,46.5013201237,stimulus,
baseline_4,clonesa_g2_002,27,M,4,True,1_probe_min,62,47.2027199268,tap,l
baseline_4,clonesa_g2_002,27,M,4,True,1_probe_min,63,47.2513539791,stimulus,
baseline_4,clonesa_g2_002,27,M,4,True,1_probe_min,63,47.9945089817,tap,l
baseline_4,clonesa_g2_002,27,M,4,True,1_probe_min,64,48.0014200211,stimulus,
baseline_4,clonesa_g2_002,27,M,4,True,1_probe_min,64,48.7373249531,tap,l
baseline_4,clonesa_g2_002,27,M,4,True,1_probe_min,65,48.7513949871,stimulus,
baseline_4,clonesa_g2_002,27,M,4,True,1_probe_min,66,49.5014269352,stimulus,
baseline_4,clonesa_g2_002,27,M,4,True,1_probe_min,66,49.5047929287,tap,l
baseline_4,clonesa_g2_002,27,M,4,True,1_probe_min,66,50.2316229343,tap,s
baseline_4,clonesa_g2_002,27,M,4,True,1_probe_min,67,50.2514190674,stimulus,
baseline_4,clonesa_g2_002,27,M,4,True,1_probe_min,67,50.9584450722,tap,s
baseline_4,clonesa_g2_002,27,M,4,True,1_probe_min,68,51.0014359951,stimulus,
baseline_4,clonesa_g2_002,27,M,4,True,1_probe_min,69,51.7514770031,stimulus,
baseline_4,clonesa_g2_002,27,M,4,True,1_probe_min,69,51.7703509331,tap,s
baseline_4,clonesa_g2_002,27,M,4,True,1_probe_min,69,52.4567539692,tap,s
baseline_4,clonesa_g2_002,27,M,4,True,1_probe_min,70,52.5014750957,stimulus,
baseline_4,clonesa_g2_002,27,M,4,True,1_probe_min,70,53.2037780285,tap,l
baseline_4,clonesa_g2_002,27,M,4,True,1_probe_min,71,53.2515001297,stimulus,
baseline_4,clonesa_g2_002,27,M,4,True,1_probe_min,72,54.0015261173,stimulus,
baseline_4,clonesa_g2_002,27,M,4,True,1_probe_min,72,54.1254329681,tap,l
baseline_4,clonesa_g2_002,27,M,4,True,1_probe_min,73,54.7515499592,stimulus,
baseline_4,clonesa_g2_002,27,M,4,True,1_probe_min,73,54.7913351059,tap,l
baseline_4,clonesa_g2_002,27,M,4,True,1_probe_min,73,55.4937670231,tap,s
baseline_4,clonesa_g2_002,27,M,4,True,1_probe_min,74,55.5015621185,stimulus,
baseline_4,clonesa_g2_002,27,M,4,True,1_probe_min,74,56.2125129700,tap,s
baseline_4,clonesa_g2_002,27,M,4,True,1_probe_min,75,56.2515809536,stimulus,
baseline_4,clonesa_g2_002,27,M,4,True,1_probe_min,75,56.9474189281,tap,l
baseline_4,clonesa_g2_002,27,M,4,True,1_probe_min,76,57.0015990734,stimulus,
baseline_4,clonesa_g2_002,27,M,4,True,1_probe_min,76,57.6962049007,tap,l
baseline_4,clonesa_g2_002,27,M,4,True,1_probe_min,77,57.7516090870,stimulus,
baseline_4,clonesa_g2_002,27,M,4,True,1_probe_min,77,58.4572300911,tap,l
baseline_4,clonesa_g2_002,27,M,4,True,1_probe_min,78,58.5016269684,stimulus,
baseline_4,clonesa_g2_002,27,M,4,True,1_probe_min,78,59.2084300518,tap,s
baseline_4,clonesa_g2_002,27,M,4,True,1_probe_min,79,59.2516500950,stimulus,
baseline_4,clonesa_g2_002,27,M,4,True,1_probe_min,79,59.9595549107,tap,s
baseline_4,clonesa_g2_002,27,M,4,True,1_probe_min,80,60.0016670227,stimulus,
baseline_4,clonesa_g2_002,27,M,4,True,1_probe_min,80,60.6944789886,tap,s
baseline_4,clonesa_g2_002,27,M,4,True,1_probe_min,81,60.7516829967,stimulus,
baseline_4,clonesa_g2_002,27,M,4,True,1_probe_min,81,61.4214370251,tap,s
baseline_4,clonesa_g2_002,27,M,4,True,1_probe_min,82,61.5016970634,stimulus,
baseline_4,clonesa_g2_002,27,M,4,True,1_probe_min,82,62.1685369015,tap,s
baseline_4,clonesa_g2_002,27,M,4,True,1_probe_min,83,62.2517158985,stimulus,
baseline_4,clonesa_g2_002,27,M,4,True,1_probe_min,83,62.9764869213,tap,l
baseline_4,clonesa_g2_002,27,M,4,True,1_probe_min,84,63.0017309189,stimulus,
baseline_4,clonesa_g2_002,27,M,4,True,1_probe_min,85,63.7517459393,stimulus,
baseline_4,clonesa_g2_002,27,M,4,True,1_probe_min,85,63.7762620449,tap,l
baseline_4,clonesa_g2_002,27,M,4,True,1_probe_min,85,64.4909660816,tap,l
baseline_4,clonesa_g2_002,27,M,4,True,1_probe_min,86,64.5017619133,stimulus,
baseline_4,clonesa_g2_002,27,M,4,True,1_probe_min,86,65.2178261280,tap,s
baseline_4,clonesa_g2_002,27,M,4,True,1_probe_min,87,65.2517750263,stimulus,
baseline_4,clonesa_g2_002,27,M,4,True,1_probe_min,87,65.9690411091,tap,s
baseline_4,clonesa_g2_002,27,M,4,True,1_probe_min,88,66.0017900467,stimulus,
baseline_4,clonesa_g2_002,27,M,4,True,1_probe_min,88,66.7242569923,tap,l
baseline_4,clonesa_g2_002,27,M,4,True,1_probe_min,89,66.7518050671,stimulus,
baseline_4,clonesa_g2_002,27,M,4,True,1_probe_min,89,67.4632830620,tap,l
baseline_4,clonesa_g2_002,27,M,4,True,1_probe_min,90,67.5018210411,stimulus,
baseline_4,clonesa_g2_002,27,M,4,True,1_probe_min,90,68.2105019093,tap,l
baseline_4,clonesa_g2_002,27,M,4,True,1_probe_min,91,69.5562291145,probe_task,3
baseline_4,clonesa_g2_002,27,M,4,True,1_probe_min,91,70.1063189507,probe_intention,3
baseline_4,clonesa_g2_002,27,M,4,True,1_probe_min,91,70.6403710842,probe_somnolence,3
baseline_4,clonesa_g2_002,27,M,4,True,1_probe_min,92,71.4080519676,stimulus,
baseline_4,clonesa_g2_002,27,M,4,True,1_probe_min,92,71.4090850353,tap,l
baseline_4,clonesa_g2_002,27,M,4,True,1_probe_min,92,72.1345100403,tap,l
baseline_4,clonesa_g2_002,27,M,4,True,1_probe_min,93,72.1578550339,stimulus,
baseline_4,clonesa_g2_002,27,M,4,True,1_probe_min,94,72.9078779221,stimulus,
baseline_4,clonesa_g2_002,27,M,4,True,1_probe_min,94,72.9425170422,tap,s
baseline_4,clonesa_g2_002,27,M,4,True,1_probe_min,94,73.6367881298,tap,s
baseline_4,clonesa_g2_002,27,M,4,True,1_probe_min,95,73.6579389572,stimulus,
baseline_4,clonesa_g2_002,27,M,4,True,1_probe_min,95,74.4041271210,tap,s
baseline_4,clonesa_g2_002,27,M,4,True,1_probe_min,96,74.4079110622,stimulus,
baseline_4,clonesa_g2_002,27,M,4,True,1_probe_min,96,75.1025130749,tap,l
baseline_4,clonesa_g2_002,27,M,4,True,1_probe_min,97,75.1579289436,stimulus,
baseline_4,clonesa_g2_002,27,M,4,True,1_probe_min,98,75.9079480171,stimulus,
baseline_4,clonesa_g2_002,27,M,4,True,1_probe_min,98,75.9105601311,tap,l
baseline_4,clonesa_g2_002,27,M,4,True,1_probe_min,98,76.5683960915,tap,s
baseline_4,clonesa_g2_002,27,M,4,True,1_probe_min,99,76.6579611301,stimulus,
baseline_4,clonesa_g2_002,27,M,4,True,1_probe_min,99,77.3357889652,tap,l
baseline_4,clonesa_g2_002,27,M,4,True,1_probe_min,100,77.4079790115,stimulus,
baseline_4,clonesa_g2_002,27,M,4,True,1_probe_min,100,78.0342259407,tap,s
baseline_4,clonesa_g2_002,27,M,4,True,1_probe_min,101,78.1579999924,stimulus,
baseline_4,clonesa_g2_002,27,M,4,True,1_probe_min,101,78.8301370144,tap,l
baseline_4,clonesa_g2_002,27,M,4,True,1_probe_min,102,78.9080219269,stimulus,
baseline_4,clonesa_g2_002,27,M,4,True,1_probe_min,102,79.5082240105,tap,s
baseline_4,clonesa_g2_002,27,M,4,True,1_probe_min,103,79.6580369473,stimulus,
baseline_4,clonesa_g2_002,27,M,4,True,1_probe_min,103,80.2837131023,tap,l
baseline_4,clonesa_g2_002,27,M,4,True,1_probe_min,104,80.4080479145,stimulus,
baseline_4,clonesa_g2_002,27,M,4,True,1_probe_min,104,81.0471169949,tap,s
baseline_4,clonesa_g2_002,27,M,4,True,1_probe_min,105,81.1581439972,stimulus,
baseline_4,clonesa_g2_002,27,M,4,True,1_probe_min,105,81.8470559120,tap,s
baseline_4,clonesa_g2_002,27,M,4,True,1_probe_min,106,81.9080829620,stimulus,
baseline_4,clonesa_g2_002,27,M,4,True,1_probe_min,106,82.6022770405,tap,s
baseline_4,clonesa_g2_002,27,M,4,True,1_probe_min,107,82.6581039429,stimulus,
baseline_4,clonesa_g2_002,27,M,4,True,1_probe_min,107,83.3615400791,tap,s
baseline_4,clonesa_g2_002,27,M,4,True,1_probe_min,108,83.4081199169,stimulus,
baseline_4,clonesa_g2_002,27,M,4,True,1_probe_min,108,84.1370708942,tap,s
baseline_4,clonesa_g2_002,27,M,4,True,1_probe_min,109,84.1581339836,stimulus,
baseline_4,clonesa_g2_002,27,M,4,True,1_probe_min,109,84.8151719570,tap,s
baseline_4,clonesa_g2_002,27,M,4,True,1_probe_min,110,84.9081530571,stimulus,
baseline_4,clonesa_g2_002,27,M,4,True,1_probe_min,111,85.6581881046,stimulus,
baseline_4,clonesa_g2_002,27,M,4,True,1_probe_min,111,85.6637840271,tap,l
baseline_4,clonesa_g2_002,27,M,4,True,1_probe_min,112,86.4081909657,stimulus,
baseline_4,clonesa_g2_002,27,M,4,True,1_probe_min,112,86.4432930946,tap,l
baseline_4,clonesa_g2_002,27,M,4,True,1_probe_min,113,87.1582210064,stimulus,
baseline_4,clonesa_g2_002,27,M,4,True,1_probe_min,113,87.1620740891,tap,l
baseline_4,clonesa_g2_002,27,M,4,True,1_probe_min,113,87.8889930248,tap,l
baseline_4,clonesa_g2_002,27,M,4,True,1_probe_min,114,87.9082369804,stimulus,
baseline_4,clonesa_g2_002,27,M,4,True,1_probe_min,114,88.6198649406,tap,l
baseline_4,clonesa_g2_002,27,M,4,True,1_probe_min,115,88.6582620144,stimulus,
baseline_4,clonesa_g2_002,27,M,4,True,1_probe_min,115,89.3629090786,tap,l
baseline_4,clonesa_g2_002,27,M,4,True,1_probe_min,116,89.4082779884,stimulus,
baseline_4,clonesa_g2_002,27,M,4,True,1_probe_min,116,90.0653259754,tap,s
baseline_4,clonesa_g2_002,27,M,4,True,1_probe_min,117,90.1582949162,stimulus,
baseline_4,clonesa_g2_002,27,M,4,True,1_probe_min,117,90.8652930260,tap,l
baseline_4,clonesa_g2_002,27,M,4,True,1_probe_min,118,90.9083709717,stimulus,
baseline_4,clonesa_g2_002,27,M,4,True,1_probe_min,118,91.5962281227,tap,s
baseline_4,clonesa_g2_002,27,M,4,True,1_probe_min,119,91.6584129333,stimulus,
baseline_4,clonesa_g2_002,27,M,4,True,1_probe_min,119,92.3554520607,tap,l
baseline_4,clonesa_g2_002,27,M,4,True,1_probe_min,120,92.4084060192,stimulus,
baseline_4,clonesa_g2_002,27,M,4,True,1_probe_min,120,93.0985419750,tap,l
baseline_4,clonesa_g2_002,27,M,4,True,1_probe_min,121,93.1584289074,stimulus,
baseline_4,clonesa_g2_002,27,M,4,True,1_probe_min,121,93.8496129513,tap,l
baseline_4,clonesa_g2_002,27,M,4,True,1_probe_min,122,93.9084460735,stimulus,
baseline_4,clonesa_g2_002,27,M,4,True,1_probe_min,122,94.6007149220,tap,l
baseline_4,clonesa_g2_002,27,M,4,True,1_probe_min,123,94.6584899426,stimulus,
baseline_4,clonesa_g2_002,27,M,4,True,1_probe_min,123,95.3885219097,tap,s
baseline_4,clonesa_g2_002,27,M,4,True,1_probe_min,124,95.4084789753,stimulus,
baseline_4,clonesa_g2_002,27,M,4,True,1_probe_min,124,96.0990819931,tap,s
baseline_4,clonesa_g2_002,27,M,4,True,1_probe_min,125,96.1584899426,stimulus,
baseline_4,clonesa_g2_002,27,M,4,True,1_probe_min,125,96.8828330040,tap,s
baseline_4,clonesa_g2_002,27,M,4,True,1_probe_min,126,96.9085109234,stimulus,
baseline_4,clonesa_g2_002,27,M,4,True,1_probe_min,126,97.6258909702,tap,s
baseline_4,clonesa_g2_002,27,M,4,True,1_probe_min,127,97.6585319042,stimulus,
baseline_4,clonesa_g2_002,27,M,4,True,1_probe_min,127,98.3729219437,tap,l
baseline_4,clonesa_g2_002,27,M,4,True,1_probe_min,128,98.4085581303,stimulus,
baseline_4,clonesa_g2_002,27,M,4,True,1_probe_min,128,99.1363589764,tap,l
baseline_4,clonesa_g2_002,27,M,4,True,1_probe_min,129,99.1585869789,stimulus,
baseline_4,clonesa_g2_002,27,M,4,True,1_probe_min,130,99.9086120129,stimulus,
baseline_4,clonesa_g2_002,27,M,4,True,1_probe_min,130,99.9119169712,tap,l
baseline_4,clonesa_g2_002,27,M,4,True,1_probe_min,130,100.6226110458,tap,l
baseline_4,clonesa_g2_002,27,M,4,True,1_probe_min,131,100.6585988998,stimulus,
baseline_4,clonesa_g2_002,27,M,4,True,1_probe_min,132,101.4086179733,stimulus,
baseline_4,clonesa_g2_002,27,M,4,True,1_probe_min,132,101.4184470177,tap,s
baseline_4,clonesa_g2_002,27,M,4,True,1_probe_min,133,102.1586589813,stimulus,
baseline_4,clonesa_g2_002,27,M,4,True,1_probe_min,133,102.1632430553,tap,s
baseline_4,clonesa_g2_002,27,M,4,True,1_probe_min,133,102.8876829147,tap,s
baseline_4,clonesa_g2_002,27,M,4,True,1_probe_min,134,102.9086499214,stimulus,
baseline_4,clonesa_g2_002,27,M,4,True,1_probe_min,134,103.6307609081,tap,s
baseline_4,clonesa_g2_002,27,M,4,True,1_probe_min,135,103.6586639881,stimulus,
baseline_4,clonesa_g2_002,27,M,4,True,1_probe_min,135,104.3333039284,tap,l
baseline_4,clonesa_g2_002,27,M,4,True,1_probe_min,136,104.4086830616,stimulus,
baseline_4,clonesa_g2_002,27,M,4,True,1_probe_min,136,105.0763471127,tap,l
baseline_4,clonesa_g2_002,27,M,4,True,1_probe_min,137,105.1586980820,stimulus,
baseline_4,clonesa_g2_002,27,M,4,True,1_probe_min,137,105.8558659554,tap,l
baseline_4,clonesa_g2_002,27,M,4,True,1_probe_min,138,105.9087190628,stimulus,
baseline_4,clonesa_g2_002,27,M,4,True,1_probe_min,138,106.6355080605,tap,l
baseline_4,clonesa_g2_002,27,M,4,True,1_probe_min,139,106.6587300301,stimulus,
baseline_4,clonesa_g2_002,27,M,4,True,1_probe_min,140,107.4087851048,stimulus,
baseline_4,clonesa_g2_002,27,M,4,True,1_probe_min,140,107.5084979534,tap,s
baseline_4,clonesa_g2_002,27,M,4,True,1_probe_min,141,108.1588280201,stimulus,
baseline_4,clonesa_g2_002,27,M,4,True,1_probe_min,141,108.1745409966,tap,s
baseline_4,clonesa_g2_002,27,M,4,True,1_probe_min,141,108.8687229156,tap,s
baseline_4,clonesa_g2_002,27,M,4,True,1_probe_min,142,108.9088299274,stimulus,
baseline_4,clonesa_g2_002,27,M,4,True,1_probe_min,142,109.5427680016,tap,s
baseline_4,clonesa_g2_002,27,M,4,True,1_probe_min,143,109.6588039398,stimulus,
baseline_4,clonesa_g2_002,27,M,4,True,1_probe_min,143,110.3183870316,tap,l
baseline_4,clonesa_g2_002,27,M,4,True,1_probe_min,144,110.4088230133,stimulus,
baseline_4,clonesa_g2_002,27,M,4,True,1_probe_min,144,111.1142249107,tap,l
baseline_4,clonesa_g2_002,27,M,4,True,1_probe_min,145,111.1588420868,stimulus,
baseline_4,clonesa_g2_002,27,M,4,True,1_probe_min,145,111.8816049099,tap,l
baseline_4,clonesa_g2_002,27,M,4,True,1_probe_min,146,111.9088721275,stimulus,
baseline_4,clonesa_g2_002,27,M,4,True,1_probe_min,146,112.6489379406,tap,l
baseline_4,clonesa_g2_002,27,M,4,True,1_probe_min,147,112.6588768959,stimulus,
baseline_4,clonesa_g2_002,27,M,4,True,1_probe_min,147,113.3392739296,tap,s
baseline_4,clonesa_g2_002,27,M,4,True,1_probe_min,148,113.4089109898,stimulus,
baseline_4,clonesa_g2_002,27,M,4,True,1_probe_min,149,114.1589241028,stimulus,
baseline_4,clonesa_g2_002,27,M,4,True,1_probe_min,149,114.1879220009,tap,l
baseline_4,clonesa_g2_002,27,M,4,True,1_probe_min,150,114.9089400768,stimulus,
baseline_4,clonesa_g2_002,27,M,4,True,1_probe_min,150,114.9309909344,tap,l
baseline_4,clonesa_g2_002,27,M,4,True,1_probe_min,150,115.6416780949,tap,s
baseline_4,clonesa_g2_002,27,M,4,True,1_probe_min,151,115.6589579582,stimulus,
baseline_4,clonesa_g2_002,27,M,4,True,1_probe_min,151,116.3847329617,tap,s
baseline_4,clonesa_g2_002,27,M,4,True,1_probe_min,152,116.4089999199,stimulus,
baseline_4,clonesa_g2_002,27,M,4,True,1_probe_min,152,117.1521389484,tap,l
baseline_4,clonesa_g2_002,27,M,4,True,1_probe_min,153,117.1589839458,stimulus,
baseline_4,clonesa_g2_002,27,M,4,True,1_probe_min,154,117.9090049267,stimulus,
baseline_4,clonesa_g2_002,27,M,4,True,1_probe_min,154,117.9155089855,tap,l
baseline_4,clonesa_g2_002,27,M,4,True,1_probe_min,154,118.6424410343,tap,l
baseline_4,clonesa_g2_002,27,M,4,True,1_probe_min,155,118.6590139866,stimulus,
baseline_4,clonesa_g2_002,27,M,4,True,1_probe_min,155,119.3692119122,tap,s
baseline_4,clonesa_g2_002,27,M,4,True,1_probe_min,156,119.4090349674,stimulus,
baseline_4,clonesa_g2_002,27,M,4,True,1_probe_min,157,120.1590590477,stimulus,
baseline_4,clonesa_g2_002,27,M,4,True,1_probe_min,157,120.1610360146,tap,s
baseline_4,clonesa_g2_002,27,M,4,True,1_probe_min,157,120.8918840885,tap,s
baseline_4,clonesa_g2_002,27,M,4,True,1_probe_min,158,120.9090781212,stimulus,
baseline_4,clonesa_g2_002,27,M,4,True,1_probe_min,159,121.6590909958,stimulus,
baseline_4,clonesa_g2_002,27,M,4,True,1_probe_min,159,121.6674721241,tap,s
baseline_4,clonesa_g2_002,27,M,4,True,1_probe_min,159,122.3617141247,tap,s
baseline_4,clonesa_g2_002,27,M,4,True,1_probe_min,160,122.4091129303,stimulus,
baseline_4,clonesa_g2_002,27,M,4,True,1_probe_min,160,123.1291151047,tap,l
baseline_4,clonesa_g2_002,27,M,4,True,1_probe_min,161,123.1591260433,stimulus,
baseline_4,clonesa_g2_002,27,M,4,True,1_probe_min,161,123.9086971283,tap,l
baseline_4,clonesa_g2_002,27,M,4,True,1_probe_min,162,123.9097011089,stimulus,
baseline_4,clonesa_g2_002,27,M,4,True,1_probe_min,163,124.6591720581,stimulus,
baseline_4,clonesa_g2_002,27,M,4,True,1_probe_min,163,124.6925120354,tap,l
baseline_4,clonesa_g2_002,27,M,4,True,1_probe_min,163,125.3787209988,tap,s
baseline_4,clonesa_g2_002,27,M,4,True,1_probe_min,164,125.4091908932,stimulus,
baseline_4,clonesa_g2_002,27,M,4,True,1_probe_min,164,126.1338949203,tap,s
baseline_4,clonesa_g2_002,27,M,4,True,1_probe_min,165,126.1592020988,stimulus,
baseline_4,clonesa_g2_002,27,M,4,True,1_probe_min,166,126.9092180729,stimulus,
baseline_4,clonesa_g2_002,27,M,4,True,1_probe_min,166,126.9135699272,tap,l
baseline_4,clonesa_g2_002,27,M,4,True,1_probe_min,166,127.6444699764,tap,l
baseline_4,clonesa_g2_002,27,M,4,True,1_probe_min,167,127.6592450142,stimulus,
baseline_4,clonesa_g2_002,27,M,4,True,1_probe_min,167,128.3387660980,tap,s
baseline_4,clonesa_g2_002,27,M,4,True,1_probe_min,168,128.4092679024,stimulus,
baseline_4,clonesa_g2_002,27,M,4,True,1_probe_min,168,129.0778450966,tap,l
baseline_4,clonesa_g2_002,27,M,4,True,1_probe_min,169,129.1592800617,stimulus,
baseline_4,clonesa_g2_002,27,M,4,True,1_probe_min,169,129.8615300655,tap,s
baseline_4,clonesa_g2_002,27,M,4,True,1_probe_min,170,129.9093329906,stimulus,
baseline_4,clonesa_g2_002,27,M,4,True,1_probe_min,170,130.5883738995,tap,l
baseline_4,clonesa_g2_002,27,M,4,True,1_probe_min,171,130.6593120098,stimulus,
baseline_4,clonesa_g2_002,27,M,4,True,1_probe_min,172,131.4093279839,stimulus,
baseline_4,clonesa_g2_002,27,M,4,True,1_probe_min,172,131.4207079411,tap,s
baseline_4,clonesa_g2_002,27,M,4,True,1_probe_min,172,132.0948109627,tap,l
baseline_4,clonesa_g2_002,27,M,4,True,1_probe_min,173,132.1593499184,stimulus,
baseline_4,clonesa_g2_002,27,M,4,True,1_probe_min,174,132.9094009399,stimulus,
baseline_4,clonesa_g2_002,27,M,4,True,1_probe_min,174,132.9108810425,tap,l
baseline_4,clonesa_g2_002,27,M,4,True,1_probe_min,174,133.6459400654,tap,l
baseline_4,clonesa_g2_002,27,M,4,True,1_probe_min,175,133.6593759060,stimulus,
baseline_4,clonesa_g2_002,27,M,4,True,1_probe_min,175,134.3970329762,tap,s
baseline_4,clonesa_g2_002,27,M,4,True,1_probe_min,176,134.4093990326,stimulus,
baseline_4,clonesa_g2_002,27,M,4,True,1_probe_min,176,135.1198771000,tap,s
baseline_4,clonesa_g2_002,27,M,4,True,1_probe_min,177,135.1594209671,stimulus,
baseline_4,clonesa_g2_002,27,M,4,True,1_probe_min,177,135.8790750504,tap,s
baseline_4,clonesa_g2_002,27,M,4,True,1_probe_min,178,135.9094340801,stimulus,
baseline_4,clonesa_g2_002,27,M,4,True,1_probe_min,178,136.6465270519,tap,s
baseline_4,clonesa_g2_002,27,M,4,True,1_probe_min,179,136.6594510078,stimulus,
baseline_4,clonesa_g2_002,27,M,4,True,1_probe_min,180,138.2941660881,probe_task,3
baseline_4,clonesa_g2_002,27,M,4,True,1_probe_min,180,138.8109560013,probe_intention,2
baseline_4,clonesa_g2_002,27,M,4,True,1_probe_min,180,139.4951040745,probe_somnolence,2
baseline_4,clonesa_g2_002,27,M,4,True,1_probe_min,181,140.2626080513,stimulus,
baseline_4,clonesa_g2_002,27,M,4,True,1_probe_min,181,140.3677289486,tap,l
baseline_4,clonesa_g2_002,27,M,4,True,1_probe_min,182,141.0123610497,stimulus,
baseline_4,clonesa_g2_002,27,M,4,True,1_probe_min,182,141.0539450645,tap,s
baseline_4,clonesa_g2_002,27,M,4,True,1_probe_min,183,141.7624070644,stimulus,
baseline_4,clonesa_g2_002,27,M,4,True,1_probe_min,183,141.7969870567,tap,s
baseline_4,clonesa_g2_002,27,M,4,True,1_probe_min,183,142.4507970810,tap,s
baseline_4,clonesa_g2_002,27,M,4,True,1_probe_min,184,142.5124490261,stimulus,
baseline_4,clonesa_g2_002,27,M,4,True,1_probe_min,185,143.2624149323,stimulus,
baseline_4,clonesa_g2_002,27,M,4,True,1_probe_min,185,143.3157129288,tap,l
baseline_4,clonesa_g2_002,27,M,4,True,1_probe_min,185,144.0099530220,tap,s
baseline_4,clonesa_g2_002,27,M,4,True,1_probe_min,186,144.0124380589,stimulus,
baseline_4,clonesa_g2_002,27,M,4,True,1_probe_min,187,144.7624640465,stimulus,
baseline_4,clonesa_g2_002,27,M,4,True,1_probe_min,187,144.7774081230,tap,l
baseline_4,clonesa_g2_002,27,M,4,True,1_probe_min,188,145.5124759674,stimulus,
baseline_4,clonesa_g2_002,27,M,4,True,1_probe_min,188,145.5204460621,tap,l
baseline_4,clonesa_g2_002,27,M,4,True,1_probe_min,188,146.1905369759,tap,s
baseline_4,clonesa_g2_002,27,M,4,True,1_probe_min,189,146.2624890804,stimulus,
baseline_4,clonesa_g2_002,27,M,4,True,1_probe_min,189,146.9741461277,tap,s
baseline_4,clonesa_g2_002,27,M,4,True,1_probe_min,190,147.0125169754,stimulus,
baseline_4,clonesa_g2_002,27,M,4,True,1_probe_min,190,147.7212910652,tap,s
baseline_4,clonesa_g2_002,27,M,4,True,1_probe_min,191,147.7625489235,stimulus,
baseline_4,clonesa_g2_002,27,M,4,True,1_probe_min,191,148.4845819473,tap,s
baseline_4,clonesa_g2_002,27,M,4,True,1_probe_min,192,148.5125451088,stimulus,
baseline_4,clonesa_g2_002,27,M,4,True,1_probe_min,192,149.1870059967,tap,l
baseline_4,clonesa_g2_002,27,M,4,True,1_probe_min,193,149.2625679970,stimulus,
baseline_4,clonesa_g2_002,27,M,4,True,1_probe_min,193,149.9503760338,tap,s
baseline_4,clonesa_g2_002,27,M,4,True,1_probe_min,194,150.0125889778,stimulus,
baseline_4,clonesa_g2_002,27,M,4,True,1_probe_min,194,150.6610491276,tap,l
baseline_4,clonesa_g2_002,27,M,4,True,1_probe_min,195,150.7626039982,stimulus,
baseline_4,clonesa_g2_002,27,M,4,True,1_probe_min,195,151.4446871281,tap,s
baseline_4,clonesa_g2_002,27,M,4,True,1_probe_min,196,151.5126459599,stimulus,
baseline_4,clonesa_g2_002,27,M,4,True,1_probe_min,196,152.2081229687,tap,s
baseline_4,clonesa_g2_002,27,M,4,True,1_probe_min,197,152.2626469135,stimulus,
baseline_4,clonesa_g2_002,27,M,4,True,1_probe_min,197,152.9227371216,tap,s
baseline_4,clonesa_g2_002,27,M,4,True,1_probe_min,198,153.0126829147,stimulus,
baseline_4,clonesa_g2_002,27,M,4,True,1_probe_min,198,153.7348039150,tap,l
baseline_4,clonesa_g2_002,27,M,4,True,1_probe_min,199,153.7626791000,stimulus,
baseline_4,clonesa_g2_002,27,M,4,True,1_probe_min,199,154.4859430790,tap,l
baseline_4,clonesa_g2_002,27,M,4,True,1_probe_min,200,154.5127069950,stimulus,
baseline_4,clonesa_g2_002,27,M,4,True,1_probe_min,200,155.1885199547,tap,l
baseline_4,clonesa_g2_002,27,M,4,True,1_probe_min,201,155.2627189159,stimulus,
baseline_4,clonesa_g2_002,27,M,4,True,1_probe_min,201,155.9801309109,tap,s
baseline_4,clonesa_g2_002,27,M,4,True,1_probe_min,202,156.0127398968,stimulus,
baseline_4,clonesa_g2_002,27,M,4,True,1_probe_min,202,156.7192890644,tap,l
baseline_4,clonesa_g2_002,27,M,4,True,1_probe_min,203,156.7627949715,stimulus,
baseline_4,clonesa_g2_002,27,M,4,True,1_probe_min,203,157.5029509068,tap,l
baseline_4,clonesa_g2_002,27,M,4,True,1_probe_min,204,157.5127789974,stimulus,
baseline_4,clonesa_g2_002,27,M,4,True,1_probe_min,204,158.2622730732,tap,s
baseline_4,clonesa_g2_002,27,M,4,True,1_probe_min,205,158.2632379532,stimulus,
baseline_4,clonesa_g2_002,27,M,4,True,1_probe_min,206,159.0128149986,stimulus,
baseline_4,clonesa_g2_002,27,M,4,True,1_probe_min,206,159.0215539932,tap,l
baseline_4,clonesa_g2_002,27,M,4,True,1_probe_min,206,159.7239830494,tap,s
baseline_4,clonesa_g2_002,27,M,4,True,1_probe_min,207,159.7628281116,stimulus,
baseline_4,clonesa_g2_002,27,M,4,True,1_probe_min,208,160.5128490925,stimulus,
baseline_4,clonesa_g2_002,27,M,4,True,1_probe_min,208,160.5157630444,tap,l
baseline_4,clonesa_g2_002,27,M,4,True,1_probe_min,208,161.2143499851,tap,s
baseline_4,clonesa_g2_002,27,M,4,True,1_probe_min,209,161.2628359795,stimulus,
baseline_4,clonesa_g2_002,27,M,4,True,1_probe_min,210,162.0128939152,stimulus,
baseline_4,clonesa_g2_002,27,M,4,True,1_probe_min,210,162.0345599651,tap,s
baseline_4,clonesa_g2_002,27,M,4,True,1_probe_min,211,162.7629101276,stimulus,
baseline_4,clonesa_g2_002,27,M,4,True,1_probe_min,211,162.7816100121,tap,s
baseline_4,clonesa_g2_002,27,M,4,True,1_probe_min,212,163.5129339695,stimulus,
baseline_4,clonesa_g2_002,27,M,4,True,1_probe_min,212,163.5409090519,tap,s
baseline_4,clonesa_g2_002,27,M,4,True,1_probe_min,213,164.2629489899,stimulus,
baseline_4,clonesa_g2_002,27,M,4,True,1_probe_min,213,164.2759160995,tap,l
baseline_4,clonesa_g2_002,27,M,4,True,1_probe_min,214,165.0129909515,stimulus,
baseline_4,clonesa_g2_002,27,M,4,True,1_probe_min,214,165.0350730419,tap,l
baseline_4,clonesa_g2_002,27,M,4,True,1_probe_min,214,165.7215249538,tap,l
baseline_4,clonesa_g2_002,27,M,4,True,1_probe_min,215,165.7629840374,stimulus,
baseline_4,clonesa_g2_002,27,M,4,True,1_probe_min,216,166.5130119324,stimulus,
baseline_4,clonesa_g2_002,27,M,4,True,1_probe_min,216,166.5538609028,tap,l
baseline_4,clonesa_g2_002,27,M,4,True,1_probe_min,217,167.2630639076,stimulus,
baseline_4,clonesa_g2_002,27,M,4,True,1_probe_min,217,167.2686250210,tap,s
baseline_4,clonesa_g2_002,27,M,4,True,1_probe_min,218,168.0131099224,stimulus,
baseline_4,clonesa_g2_002,27,M,4,True,1_probe_min,218,168.0319421291,tap,s
baseline_4,clonesa_g2_002,27,M,4,True,1_probe_min,218,168.7385170460,tap,s
baseline_4,clonesa_g2_002,27,M,4,True,1_probe_min,219,168.7630810738,stimulus,
baseline_4,clonesa_g2_002,27,M,4,True,1_probe_min,219,169.4856541157,tap,l
baseline_4,clonesa_g2_002,27,M,4,True,1_probe_min,220,169.5130949020,stimulus,
baseline_4,clonesa_g2_002,27,M,4,True,1_probe_min,220,170.2411339283,tap,l
baseline_4,clonesa_g2_002,27,M,4,True,1_probe_min,221,170.2631099224,stimulus,
baseline_4,clonesa_g2_002,27,M,4,True,1_probe_min,221,170.9638609886,tap,l
baseline_4,clonesa_g2_002,27,M,4,True,1_probe_min,222,171.0131258965,stimulus,
baseline_4,clonesa_g2_002,27,M,4,True,1_probe_min,222,171.7394299507,tap,l
baseline_4,clonesa_g2_002,27,M,4,True,1_probe_min,223,171.7631449699,stimulus,
baseline_4,clonesa_g2_002,27,M,4,True,1_probe_min,223,172.4216051102,tap,s
baseline_4,clonesa_g2_002,27,M,4,True,1_probe_min,224,172.5131719112,stimulus,
baseline_4,clonesa_g2_002,27,M,4,True,1_probe_min,225,173.2631950378,stimulus,
baseline_4,clonesa_g2_002,27,M,4,True,1_probe_min,225,173.3798038960,tap,l
baseline_4,clonesa_g2_002,27,M,4,True,1_probe_min,226,174.0132050514,stimulus,
baseline_4,clonesa_g2_002,27,M,4,True,1_probe_min,226,174.0904109478,tap,s
baseline_4,clonesa_g2_002,27,M,4,True,1_probe_min,227,174.7632288933,stimulus,
baseline_4,clonesa_g2_002,27,M,4,True,1_probe_min,227,174.8822460175,tap,l
baseline_4,clonesa_g2_002,27,M,4,True,1_probe_min,228,175.5132489204,stimulus,
baseline_4,clonesa_g2_002,27,M,4,True,1_probe_min,228,175.6009769440,tap,l
baseline_4,clonesa_g2_002,27,M,4,True,1_probe_min,229,176.2632861137,stimulus,
baseline_4,clonesa_g2_002,27,M,4,True,1_probe_min,229,176.3278250694,tap,l
baseline_4,clonesa_g2_002,27,M,4,True,1_probe_min,229,177.0058369637,tap,l
baseline_4,clonesa_g2_002,27,M,4,True,1_probe_min,230,177.0132811069,stimulus,
baseline_4,clonesa_g2_002,27,M,4,True,1_probe_min,230,177.7165009975,tap,s
baseline_4,clonesa_g2_002,27,M,4,True,1_probe_min,231,177.7633030415,stimulus,
baseline_4,clonesa_g2_002,27,M,4,True,1_probe_min,232,178.5133259296,stimulus,
baseline_4,clonesa_g2_002,27,M,4,True,1_probe_min,232,178.5488688946,tap,l
baseline_4,clonesa_g2_002,27,M,4,True,1_probe_min,232,179.2432060242,tap,s
baseline_4,clonesa_g2_002,27,M,4,True,1_probe_min,233,179.2633299828,stimulus,
baseline_4,clonesa_g2_002,27,M,4,True,1_probe_min,234,180.0133700371,stimulus,
baseline_4,clonesa_g2_002,27,M,4,True,1_probe_min,234,180.0227489471,tap,l
baseline_4,clonesa_g2_002,27,M,4,True,1_probe_min,234,180.6603970528,tap,s
baseline_4,clonesa_g2_002,27,M,4,True,1_probe_min,235,180.7633681297,stimulus,
baseline_4,clonesa_g2_002,27,M,4,True,1_probe_min,235,181.4358830452,tap,l
baseline_4,clonesa_g2_002,27,M,4,True,1_probe_min,236,181.5134050846,stimulus,
baseline_4,clonesa_g2_002,27,M,4,True,1_probe_min,236,182.2317090034,tap,l
baseline_4,clonesa_g2_002,27,M,4,True,1_probe_min,237,182.2633960247,stimulus,
baseline_4,clonesa_g2_002,27,M,4,True,1_probe_min,237,183.0113561153,tap,l
baseline_4,clonesa_g2_002,27,M,4,True,1_probe_min,238,183.0134100914,stimulus,
baseline_4,clonesa_g2_002,27,M,4,True,1_probe_min,238,183.7422549725,tap,l
baseline_4,clonesa_g2_002,27,M,4,True,1_probe_min,239,183.7634339333,stimulus,
baseline_4,clonesa_g2_002,27,M,4,True,1_probe_min,240,184.5134489536,stimulus,
baseline_4,clonesa_g2_002,27,M,4,True,1_probe_min,240,184.5421841145,tap,s
baseline_4,clonesa_g2_002,27,M,4,True,1_probe_min,241,185.2634730339,stimulus,
baseline_4,clonesa_g2_002,27,M,4,True,1_probe_min,241,185.3380820751,tap,s
baseline_4,clonesa_g2_002,27,M,4,True,1_probe_min,242,186.0134880543,stimulus,
baseline_4,clonesa_g2_002,27,M,4,True,1_probe_min,242,186.0567209721,tap,s
baseline_4,clonesa_g2_002,27,M,4,True,1_probe_min,242,186.7429890633,tap,s
baseline_4,clonesa_g2_002,27,M,4,True,1_probe_min,243,186.7635030746,stimulus,
baseline_4,clonesa_g2_002,27,M,4,True,1_probe_min,243,187.5023260117,tap,l
baseline_4,clonesa_g2_002,27,M,4,True,1_probe_min,244,187.5135159492,stimulus,
baseline_4,clonesa_g2_002,27,M,4,True,1_probe_min,245,188.2635409832,stimulus,
baseline_4,clonesa_g2_002,27,M,4,True,1_probe_min,245,188.2737650871,tap,s
baseline_4,clonesa_g2_002,27,M,4,True,1_probe_min,245,188.9802958965,tap,l
baseline_4,clonesa_g2_002,27,M,4,True,1_probe_min,246,189.0135529041,stimulus,
baseline_4,clonesa_g2_002,27,M,4,True,1_probe_min,246,189.6990709305,tap,s
baseline_4,clonesa_g2_002,27,M,4,True,1_probe_min,247,189.7635889053,stimulus,
baseline_4,clonesa_g2_002,27,M,4,True,1_probe_min,247,190.4828569889,tap,l
baseline_4,clonesa_g2_002,27,M,4,True,1_probe_min,248,190.5135879517,stimulus,
baseline_4,clonesa_g2_002,27,M,4,True,1_probe_min,249,191.2636229992,stimulus,
baseline_4,clonesa_g2_002,27,M,4,True,1_probe_min,249,191.3151590824,tap,l
baseline_4,clonesa_g2_002,27,M,4,True,1_probe_min,250,192.0136170387,stimulus,
baseline_4,clonesa_g2_002,27,M,4,True,1_probe_min,250,192.0146961212,tap,l
baseline_4,clonesa_g2_002,27,M,4,True,1_probe_min,250,192.7160711288,tap,l
baseline_4,clonesa_g2_002,27,M,4,True,1_probe_min,251,192.7636489868,stimulus,
baseline_4,clonesa_g2_002,27,M,4,True,1_probe_min,251,193.4713110924,tap,l
baseline_4,clonesa_g2_002,27,M,4,True,1_probe_min,252,193.5136690140,stimulus,
baseline_4,clonesa_g2_002,27,M,4,True,1_probe_min,252,194.2022230625,tap,s
baseline_4,clonesa_g2_002,27,M,4,True,1_probe_min,253,194.2637031078,stimulus,
baseline_4,clonesa_g2_002,27,M,4,True,1_probe_min,253,194.9615440369,tap,s
baseline_4,clonesa_g2_002,27,M,4,True,1_probe_min,254,195.0137009621,stimulus,
baseline_4,clonesa_g2_002,27,M,4,True,1_probe_min,254,195.7370240688,tap,s
baseline_4,clonesa_g2_002,27,M,4,True,1_probe_min,255,195.7637209892,stimulus,
baseline_4,clonesa_g2_002,27,M,4,True,1_probe_min,255,196.4396090508,tap,s
baseline_4,clonesa_g2_002,27,M,4,True,1_probe_min,256,196.5137400627,stimulus,
baseline_4,clonesa_g2_002,27,M,4,True,1_probe_min,256,197.2029879093,tap,l
baseline_4,clonesa_g2_002,27,M,4,True,1_probe_min,257,197.2637639046,stimulus,
baseline_4,clonesa_g2_002,27,M,4,True,1_probe_min,257,198.0029580593,tap,s
baseline_4,clonesa_g2_002,27,M,4,True,1_probe_min,258,198.0138089657,stimulus,
baseline_4,clonesa_g2_002,27,M,4,True,1_probe_min,259,198.7638049126,stimulus,
baseline_4,clonesa_g2_002,27,M,4,True,1_probe_min,259,198.7704229355,tap,s
baseline_4,clonesa_g2_002,27,M,4,True,1_probe_min,259,199.4566729069,tap,l
baseline_4,clonesa_g2_002,27,M,4,True,1_probe_min,260,199.5138149261,stimulus,
baseline_4,clonesa_g2_002,27,M,4,True,1_probe_min,260,200.2201039791,tap,l
baseline_4,clonesa_g2_002,27,M,4,True,1_probe_min,261,200.2638359070,stimulus,
baseline_4,clonesa_g2_002,27,M,4,True,1_probe_min,261,200.9549160004,tap,l
baseline_4,clonesa_g2_002,27,M,4,True,1_probe_min,262,201.0138530731,stimulus,
baseline_4,clonesa_g2_002,27,M,4,True,1_probe_min,262,201.7021899223,tap,s
baseline_4,clonesa_g2_002,27,M,4,True,1_probe_min,263,201.7638700008,stimulus,
baseline_4,clonesa_g2_002,27,M,4,True,1_probe_min,263,202.4939990044,tap,l
baseline_4,clonesa_g2_002,27,M,4,True,1_probe_min,264,202.5138800144,stimulus,
baseline_4,clonesa_g2_002,27,M,4,True,1_probe_min,264,203.2248570919,tap,s
baseline_4,clonesa_g2_002,27,M,4,True,1_probe_min,265,203.2638978958,stimulus,
baseline_4,clonesa_g2_002,27,M,4,True,1_probe_min,265,203.9801149368,tap,l
baseline_4,clonesa_g2_002,27,M,4,True,1_probe_min,266,204.0139141083,stimulus,
baseline_4,clonesa_g2_002,27,M,4,True,1_probe_min,266,204.7555840015,tap,l
baseline_4,clonesa_g2_002,27,M,4,True,1_probe_min,267,204.7639329433,stimulus,
baseline_4,clonesa_g2_002,27,M,4,True,1_probe_min,267,205.4906771183,tap,l
baseline_4,clonesa_g2_002,27,M,4,True,1_probe_min,268,205.5139820576,stimulus,
baseline_4,clonesa_g2_002,27,M,4,True,1_probe_min,268,206.1688389778,tap,s
baseline_4,clonesa_g2_002,27,M,4,True,1_probe_min,269,206.2639749050,stimulus,
baseline_4,clonesa_g2_002,27,M,4,True,1_probe_min,269,206.9160079956,tap,s
baseline_4,clonesa_g2_002,27,M,4,True,1_probe_min,270,207.0140070915,stimulus,
baseline_4,clonesa_g2_002,27,M,4,True,1_probe_min,270,207.6915869713,tap,s
baseline_4,clonesa_g2_002,27,M,4,True,1_probe_min,271,207.7640140057,stimulus,
baseline_4,clonesa_g2_002,27,M,4,True,1_probe_min,271,208.4184451103,tap,l
baseline_4,clonesa_g2_002,27,M,4,True,1_probe_min,272,208.5140349865,stimulus,
baseline_4,clonesa_g2_002,27,M,4,True,1_probe_min,272,209.2060029507,tap,l
baseline_4,clonesa_g2_002,27,M,4,True,1_probe_min,273,209.2640891075,stimulus,
baseline_4,clonesa_g2_002,27,M,4,True,1_probe_min,273,209.9573400021,tap,l
baseline_4,clonesa_g2_002,27,M,4,True,1_probe_min,274,210.0140869617,stimulus,
baseline_4,clonesa_g2_002,27,M,4,True,1_probe_min,274,210.7490680218,tap,s
baseline_4,clonesa_g2_002,27,M,4,True,1_probe_min,275,210.7640900612,stimulus,
baseline_4,clonesa_g2_002,27,M,4,True,1_probe_min,275,211.5084269047,tap,l
baseline_4,clonesa_g2_002,27,M,4,True,1_probe_min,276,211.5140991211,stimulus,
baseline_4,clonesa_g2_002,27,M,4,True,1_probe_min,276,212.2515220642,tap,s
baseline_4,clonesa_g2_002,27,M,4,True,1_probe_min,277,212.2641370296,stimulus,
baseline_4,clonesa_g2_002,27,M,4,True,1_probe_min,277,212.9944939613,tap,l
baseline_4,clonesa_g2_002,27,M,4,True,1_probe_min,278,213.0141320229,stimulus,
baseline_4,clonesa_g2_002,27,M,4,True,1_probe_min,278,213.7173740864,tap,s
baseline_4,clonesa_g2_002,27,M,4,True,1_probe_min,279,213.7641730309,stimulus,
baseline_4,clonesa_g2_002,27,M,4,True,1_probe_min,280,214.5141830444,stimulus,
baseline_4,clonesa_g2_002,27,M,4,True,1_probe_min,280,214.5577499866,tap,l
baseline_4,clonesa_g2_002,27,M,4,True,1_probe_min,281,215.2641839981,stimulus,
baseline_4,clonesa_g2_002,27,M,4,True,1_probe_min,281,215.3292291164,tap,s
baseline_4,clonesa_g2_002,27,M,4,True,1_probe_min,282,216.0142450333,stimulus,
baseline_4,clonesa_g2_002,27,M,4,True,1_probe_min,282,216.0601730347,tap,l
baseline_4,clonesa_g2_002,27,M,4,True,1_probe_min,283,216.7642450333,stimulus,
baseline_4,clonesa_g2_002,27,M,4,True,1_probe_min,283,216.8032579422,tap,l
baseline_4,clonesa_g2_002,27,M,4,True,1_probe_min,284,217.5142459869,stimulus,
baseline_4,clonesa_g2_002,27,M,4,True,1_probe_min,284,217.5544331074,tap,l
baseline_4,clonesa_g2_002,27,M,4,True,1_probe_min,284,218.2327239513,tap,l
baseline_4,clonesa_g2_002,27,M,4,True,1_probe_min,285,218.2642478943,stimulus,
baseline_4,clonesa_g2_002,27,M,4,True,1_probe_min,285,219.0000729561,tap,l
baseline_4,clonesa_g2_002,27,M,4,True,1_probe_min,286,219.0142729282,stimulus,
baseline_4,clonesa_g2_002,27,M,4,True,1_probe_min,287,219.7642910480,stimulus,
baseline_4,clonesa_g2_002,27,M,4,True,1_probe_min,287,219.7755370140,tap,l
baseline_4,clonesa_g2_002,27,M,4,True,1_probe_min,287,220.5106570721,tap,s
baseline_4,clonesa_g2_002,27,M,4,True,1_probe_min,288,220.5143029690,stimulus,
baseline_4,clonesa_g2_002,27,M,4,True,1_probe_min,289,221.2643299103,stimulus,
baseline_4,clonesa_g2_002,27,M,4,True,1_probe_min,289,221.2779331207,tap,l
baseline_4,clonesa_g2_002,27,M,4,True,1_probe_min,289,222.0129320621,tap,s
baseline_4,clonesa_g2_002,27,M,4,True,1_probe_min,290,222.0143530369,stimulus,
baseline_4,clonesa_g2_002,27,M,4,True,1_probe_min,291,222.7643649578,stimulus,
baseline_4,clonesa_g2_002,27,M,4,True,1_probe_min,291,222.7762551308,tap,l
baseline_4,clonesa_g2_002,27,M,4,True,1_probe_min,292,223.5143859386,stimulus,
baseline_4,clonesa_g2_002,27,M,4,True,1_probe_min,292,223.5841619968,tap,s
baseline_4,clonesa_g2_002,27,M,4,True,1_probe_min,293,225.1463439465,probe_task,2
baseline_4,clonesa_g2_002,27,M,4,True,1_probe_min,293,225.9133000374,probe_intention,2
baseline_4,clonesa_g2_002,27,M,4,True,1_probe_min,293,226.6807711124,probe_somnolence,2
baseline_4,clonesa_g2_002,27,M,4,True,1_probe_min,294,227.4485719204,stimulus,
baseline_4,clonesa_g2_002,27,M,4,True,1_probe_min,294,227.5444810390,tap,l
baseline_4,clonesa_g2_002,27,M,4,True,1_probe_min,295,228.1983880997,stimulus,
baseline_4,clonesa_g2_002,27,M,4,True,1_probe_min,295,228.2507069111,tap,s
baseline_4,clonesa_g2_002,27,M,4,True,1_probe_min,296,228.9483840466,stimulus,
baseline_4,clonesa_g2_002,27,M,4,True,1_probe_min,296,228.9612901211,tap,l
baseline_4,clonesa_g2_002,27,M,4,True,1_probe_min,297,229.6984031200,stimulus,
baseline_4,clonesa_g2_002,27,M,4,True,1_probe_min,297,229.7206559181,tap,l
baseline_4,clonesa_g2_002,27,M,4,True,1_probe_min,297,230.4353930950,tap,l
baseline_4,clonesa_g2_002,27,M,4,True,1_probe_min,298,230.4484140873,stimulus,
baseline_4,clonesa_g2_002,27,M,4,True,1_probe_min,299,231.1984341145,stimulus,
baseline_4,clonesa_g2_002,27,M,4,True,1_probe_min,299,231.2677249908,tap,s
baseline_4,clonesa_g2_002,27,M,4,True,1_probe_min,300,231.9484488964,stimulus,
baseline_4,clonesa_g2_002,27,M,4,True,1_probe_min,300,232.0027348995,tap,s
baseline_4,clonesa_g2_002,27,M,4,True,1_probe_min,300,232.6645979881,tap,s
baseline_4,clonesa_g2_002,27,M,4,True,1_probe_min,301,232.6984660625,stimulus,
baseline_4,clonesa_g2_002,27,M,4,True,1_probe_min,301,233.3995740414,tap,l
baseline_4,clonesa_g2_002,27,M,4,True,1_probe_min,302,233.4484870434,stimulus,
baseline_4,clonesa_g2_002,27,M,4,True,1_probe_min,302,234.1507461071,tap,l
baseline_4,clonesa_g2_002,27,M,4,True,1_probe_min,303,234.1984930038,stimulus,
baseline_4,clonesa_g2_002,27,M,4,True,1_probe_min,303,234.8776569366,tap,s
baseline_4,clonesa_g2_002,27,M,4,True,1_probe_min,304,234.9485149384,stimulus,
baseline_4,clonesa_g2_002,27,M,4,True,1_probe_min,304,235.6490321159,tap,s
baseline_4,clonesa_g2_002,27,M,4,True,1_probe_min,305,235.6985290051,stimulus,
baseline_4,clonesa_g2_002,27,M,4,True,1_probe_min,305,236.4204959869,tap,l
baseline_4,clonesa_g2_002,27,M,4,True,1_probe_min,306,236.4485480785,stimulus,
baseline_4,clonesa_g2_002,27,M,4,True,1_probe_min,306,237.1393089294,tap,s
baseline_4,clonesa_g2_002,27,M,4,True,1_probe_min,307,237.1985709667,stimulus,
baseline_4,clonesa_g2_002,27,M,4,True,1_probe_min,308,237.9485869408,stimulus,
baseline_4,clonesa_g2_002,27,M,4,True,1_probe_min,308,237.9554541111,tap,l
baseline_4,clonesa_g2_002,27,M,4,True,1_probe_min,309,238.6986091137,stimulus,
baseline_4,clonesa_g2_002,27,M,4,True,1_probe_min,309,238.7228491306,tap,l
baseline_4,clonesa_g2_002,27,M,4,True,1_probe_min,309,239.4213500023,tap,s
baseline_4,clonesa_g2_002,27,M,4,True,1_probe_min,310,239.4486460686,stimulus,
baseline_4,clonesa_g2_002,27,M,4,True,1_probe_min,310,240.1278989315,tap,s
baseline_4,clonesa_g2_002,27,M,4,True,1_probe_min,311,240.1986761093,stimulus,
baseline_4,clonesa_g2_002,27,M,4,True,1_probe_min,311,240.8547089100,tap,s
baseline_4,clonesa_g2_002,27,M,4,True,1_probe_min,312,240.9486489296,stimulus,
baseline_4,clonesa_g2_002,27,M,4,True,1_probe_min,312,241.6546471119,tap,l
baseline_4,clonesa_g2_002,27,M,4,True,1_probe_min,313,241.6986649036,stimulus,
baseline_4,clonesa_g2_002,27,M,4,True,1_probe_min,313,242.3813760281,tap,s
baseline_4,clonesa_g2_002,27,M,4,True,1_probe_min,314,242.4486849308,stimulus,
baseline_4,clonesa_g2_002,27,M,4,True,1_probe_min,314,243.1934819221,tap,l
baseline_4,clonesa_g2_002,27,M,4,True,1_probe_min,315,243.1987030506,stimulus,
baseline_4,clonesa_g2_002,27,M,4,True,1_probe_min,315,243.9407129288,tap,s
baseline_4,clonesa_g2_002,27,M,4,True,1_probe_min,316,243.9487149715,stimulus,
baseline_4,clonesa_g2_002,27,M,4,True,1_probe_min,317,244.6987619400,stimulus,
baseline_4,clonesa_g2_002,27,M,4,True,1_probe_min,317,244.7892661095,tap,l
baseline_4,clonesa_g2_002,27,M,4,True,1_probe_min,318,245.4487559795,stimulus,
baseline_4,clonesa_g2_002,27,M,4,True,1_probe_min,318,245.5525879860,tap,l
baseline_4,clonesa_g2_002,27,M,4,True,1_probe_min,319,246.1987791061,stimulus,
baseline_4,clonesa_g2_002,27,M,4,True,1_probe_min,319,246.2388529778,tap,s
baseline_4,clonesa_g2_002,27,M,4,True,1_probe_min,320,246.9488201141,stimulus,
baseline_4,clonesa_g2_002,27,M,4,True,1_probe_min,320,246.9656620026,tap,s
baseline_4,clonesa_g2_002,27,M,4,True,1_probe_min,321,247.6988129616,stimulus,
baseline_4,clonesa_g2_002,27,M,4,True,1_probe_min,321,247.7347979546,tap,s
baseline_4,clonesa_g2_002,27,M,4,True,1_probe_min,322,248.4488260746,stimulus,
baseline_4,clonesa_g2_002,27,M,4,True,1_probe_min,322,248.5161180496,tap,l
baseline_4,clonesa_g2_002,27,M,4,True,1_probe_min,323,249.1988480091,stimulus,
baseline_4,clonesa_g2_002,27,M,4,True,1_probe_min,323,249.2105119228,tap,s
baseline_4,clonesa_g2_002,27,M,4,True,1_probe_min,323,249.9413850307,tap,l
baseline_4,clonesa_g2_002,27,M,4,True,1_probe_min,324,249.9488570690,stimulus,
baseline_4,clonesa_g2_002,27,M,4,True,1_probe_min,324,250.6397829056,tap,s
baseline_4,clonesa_g2_002,27,M,4,True,1_probe_min,325,250.6988739967,stimulus,
baseline_4,clonesa_g2_002,27,M,4,True,1_probe_min,325,251.3666899204,tap,l
baseline_4,clonesa_g2_002,27,M,4,True,1_probe_min,326,251.4488930702,stimulus,
baseline_4,clonesa_g2_002,27,M,4,True,1_probe_min,326,252.1422209740,tap,l
baseline_4,clonesa_g2_002,27,M,4,True,1_probe_min,327,252.1989130974,stimulus,
baseline_4,clonesa_g2_002,27,M,4,True,1_probe_min,327,252.8894379139,tap,l
baseline_4,clonesa_g2_002,27,M,4,True,1_probe_min,328,252.9489281178,stimulus,
baseline_4,clonesa_g2_002,27,M,4,True,1_probe_min,328,253.6080889702,tap,l
baseline_4,clonesa_g2_002,27,M,4,True,1_probe_min,329,253.6989479065,stimulus,
baseline_4,clonesa_g2_002,27,M,4,True,1_probe_min,329,254.3918240070,tap,s
baseline_4,clonesa_g2_002,27,M,4,True,1_probe_min,330,254.4489660263,stimulus,
baseline_4,clonesa_g2_002,27,M,4,True,1_probe_min,330,255.1633210182,tap,s
baseline_4,clonesa_g2_002,27,M,4,True,1_probe_min,331,255.1989879608,stimulus,
baseline_4,clonesa_g2_002,27,M,4,True,1_probe_min,331,255.9145989418,tap,s
baseline_4,clonesa_g2_002,27,M,4,True,1_probe_min,332,255.9490010738,stimulus,
baseline_4,clonesa_g2_002,27,M,4,True,1_probe_min,332,256.6738059521,tap,s
baseline_4,clonesa_g2_002,27,M,4,True,1_probe_min,333,256.6990180016,stimulus,
baseline_4,clonesa_g2_002,27,M,4,True,1_probe_min,334,257.4490449429,stimulus,
baseline_4,clonesa_g2_002,27,M,4,True,1_probe_min,334,257.4697489738,tap,l
baseline_4,clonesa_g2_002,27,M,4,True,1_probe_min,334,258.1966559887,tap,l
baseline_4,clonesa_g2_002,27,M,4,True,1_probe_min,335,258.1991479397,stimulus,
baseline_4,clonesa_g2_002,27,M,4,True,1_probe_min,336,258.9490370750,stimulus,
baseline_4,clonesa_g2_002,27,M,4,True,1_probe_min,336,258.9517080784,tap,l
baseline_4,clonesa_g2_002,27,M,4,True,1_probe_min,337,259.6990530491,stimulus,
baseline_4,clonesa_g2_002,27,M,4,True,1_probe_min,337,259.7029440403,tap,l
baseline_4,clonesa_g2_002,27,M,4,True,1_probe_min,337,260.4378979206,tap,l
baseline_4,clonesa_g2_002,27,M,4,True,1_probe_min,338,260.4490680695,stimulus,
baseline_4,clonesa_g2_002,27,M,4,True,1_probe_min,339,261.1990859509,stimulus,
baseline_4,clonesa_g2_002,27,M,4,True,1_probe_min,339,261.2783911228,tap,s
baseline_4,clonesa_g2_002,27,M,4,True,1_probe_min,340,261.9491009712,stimulus,
baseline_4,clonesa_g2_002,27,M,4,True,1_probe_min,340,261.9565060139,tap,l
baseline_4,clonesa_g2_002,27,M,4,True,1_probe_min,340,262.6832890511,tap,s
baseline_4,clonesa_g2_002,27,M,4,True,1_probe_min,341,262.6991169453,stimulus,
baseline_4,clonesa_g2_002,27,M,4,True,1_probe_min,342,263.4491550922,stimulus,
baseline_4,clonesa_g2_002,27,M,4,True,1_probe_min,342,263.4589409828,tap,l
baseline_4,clonesa_g2_002,27,M,4,True,1_probe_min,342,264.1533279419,tap,s
baseline_4,clonesa_g2_002,27,M,4,True,1_probe_min,343,264.1991670132,stimulus,
baseline_4,clonesa_g2_002,27,M,4,True,1_probe_min,343,264.8639349937,tap,s
baseline_4,clonesa_g2_002,27,M,4,True,1_probe_min,344,264.9491729736,stimulus,
baseline_4,clonesa_g2_002,27,M,4,True,1_probe_min,344,265.6476240158,tap,s
baseline_4,clonesa_g2_002,27,M,4,True,1_probe_min,345,265.6991899014,stimulus,
baseline_4,clonesa_g2_002,27,M,4,True,1_probe_min,345,266.3784680367,tap,s
baseline_4,clonesa_g2_002,27,M,4,True,1_probe_min,346,266.4492609501,stimulus,
baseline_4,clonesa_g2_002,27,M,4,True,1_probe_min,346,267.1459710598,tap,l
baseline_4,clonesa_g2_002,27,M,4,True,1_probe_min,347,267.1992290020,stimulus,
baseline_4,clonesa_g2_002,27,M,4,True,1_probe_min,348,267.9492490292,stimulus,
baseline_4,clonesa_g2_002,27,M,4,True,1_probe_min,348,267.9783790112,tap,l
baseline_4,clonesa_g2_002,27,M,4,True,1_probe_min,349,268.6992630959,stimulus,
baseline_4,clonesa_g2_002,27,M,4,True,1_probe_min,349,268.7538421154,tap,l
baseline_4,clonesa_g2_002,27,M,4,True,1_probe_min,350,269.4492819309,stimulus,
baseline_4,clonesa_g2_002,27,M,4,True,1_probe_min,350,269.5294260979,tap,l
baseline_4,clonesa_g2_002,27,M,4,True,1_probe_min,351,270.1993000507,stimulus,
baseline_4,clonesa_g2_002,27,M,4,True,1_probe_min,351,270.2319719791,tap,l
baseline_4,clonesa_g2_002,27,M,4,True,1_probe_min,351,270.9425339699,tap,l
baseline_4,clonesa_g2_002,27,M,4,True,1_probe_min,352,270.9493219852,stimulus,
baseline_4,clonesa_g2_002,27,M,4,True,1_probe_min,352,271.6856269836,tap,s
baseline_4,clonesa_g2_002,27,M,4,True,1_probe_min,353,271.6993470192,stimulus,
baseline_4,clonesa_g2_002,27,M,4,True,1_probe_min,354,272.4493620396,stimulus,
baseline_4,clonesa_g2_002,27,M,4,True,1_probe_min,354,272.4531250000,tap,s
baseline_4,clonesa_g2_002,27,M,4,True,1_probe_min,354,273.1800210476,tap,s
baseline_4,clonesa_g2_002,27,M,4,True,1_probe_min,355,273.1993820667,stimulus,
baseline_4,clonesa_g2_002,27,M,4,True,1_probe_min,355,273.9393501282,tap,s
baseline_4,clonesa_g2_002,27,M,4,True,1_probe_min,356,273.9494059086,stimulus,
baseline_4,clonesa_g2_002,27,M,4,True,1_probe_min,357,274.6994209290,stimulus,
baseline_4,clonesa_g2_002,27,M,4,True,1_probe_min,357,274.7229440212,tap,s
baseline_4,clonesa_g2_002,27,M,4,True,1_probe_min,357,275.4173789024,tap,s
baseline_4,clonesa_g2_002,27,M,4,True,1_probe_min,358,275.4494409561,stimulus,
baseline_4,clonesa_g2_002,27,M,4,True,1_probe_min,358,276.1806809902,tap,l
baseline_4,clonesa_g2_002,27,M,4,True,1_probe_min,359,276.1994540691,stimulus,
baseline_4,clonesa_g2_002,27,M,4,True,1_probe_min,359,276.9278700352,tap,s
baseline_4,clonesa_g2_002,27,M,4,True,1_probe_min,360,276.9495360851,stimulus,
baseline_4,clonesa_g2_002,27,M,4,True,1_probe_min,360,277.6506180763,tap,l
baseline_4,clonesa_g2_002,27,M,4,True,1_probe_min,361,277.6994991302,stimulus,
baseline_4,clonesa_g2_002,27,M,4,True,1_probe_min,361,278.4139680862,tap,s
baseline_4,clonesa_g2_002,27,M,4,True,1_probe_min,362,278.4495189190,stimulus,
baseline_4,clonesa_g2_002,27,M,4,True,1_probe_min,362,279.1530361176,tap,l
baseline_4,clonesa_g2_002,27,M,4,True,1_probe_min,363,279.1995379925,stimulus,
baseline_4,clonesa_g2_002,27,M,4,True,1_probe_min,363,279.9123110771,tap,s
baseline_4,clonesa_g2_002,27,M,4,True,1_probe_min,364,279.9495511055,stimulus,
baseline_4,clonesa_g2_002,27,M,4,True,1_probe_min,364,280.6878740788,tap,l
baseline_4,clonesa_g2_002,27,M,4,True,1_probe_min,365,280.6995649338,stimulus,
baseline_4,clonesa_g2_002,27,M,4,True,1_probe_min,366,281.4495871067,stimulus,
baseline_4,clonesa_g2_002,27,M,4,True,1_probe_min,366,281.4674830437,tap,l
baseline_4,clonesa_g2_002,27,M,4,True,1_probe_min,367,282.1995980740,stimulus,
baseline_4,clonesa_g2_002,27,M,4,True,1_probe_min,367,282.2389280796,tap,l
baseline_4,clonesa_g2_002,27,M,4,True,1_probe_min,367,282.9494960308,tap,s
baseline_4,clonesa_g2_002,27,M,4,True,1_probe_min,368,282.9505319595,stimulus,
baseline_4,clonesa_g2_002,27,M,4,True,1_probe_min,369,283.6996901035,stimulus,
baseline_4,clonesa_g2_002,27,M,4,True,1_probe_min,369,283.7128450871,tap,l
baseline_4,clonesa_g2_002,27,M,4,True,1_probe_min,369,284.4276249409,tap,s
baseline_4,clonesa_g2_002,27,M,4,True,1_probe_min,370,284.4497051239,stimulus,
baseline_4,clonesa_g2_002,27,M,4,True,1_probe_min,370,285.1463630199,tap,l
baseline_4,clonesa_g2_002,27,M,4,True,1_probe_min,371,285.1997449398,stimulus,
baseline_4,clonesa_g2_002,27,M,4,True,1_probe_min,371,285.9300839901,tap,s
baseline_4,clonesa_g2_002,27,M,4,True,1_probe_min,372,286.9786400795,probe_task,2
baseline_4,clonesa_g2_002,27,M,4,True,1_probe_min,372,288.0792899132,probe_intention,2
baseline_4,clonesa_g2_002,27,M,4,True,1_probe_min,372,288.7632980347,probe_somnolence,2
baseline_4,clonesa_g2_002,27,M,4,True,1_probe_min,373,289.5310621262,stimulus,
baseline_4,clonesa_g2_002,27,M,4,True,1_probe_min,373,289.6015520096,tap,s
baseline_4,clonesa_g2_002,27,M,4,True,1_probe_min,374,290.2808721066,stimulus,
baseline_4,clonesa_g2_002,27,M,4,True,1_probe_min,374,290.3445949554,tap,s
baseline_4,clonesa_g2_002,27,M,4,True,1_probe_min,374,290.9983789921,tap,s
baseline_4,clonesa_g2_002,27,M,4,True,1_probe_min,375,291.0308799744,stimulus,
baseline_4,clonesa_g2_002,27,M,4,True,1_probe_min,375,291.7657890320,tap,l
baseline_4,clonesa_g2_002,27,M,4,True,1_probe_min,376,291.7808980942,stimulus,
baseline_4,clonesa_g2_002,27,M,4,True,1_probe_min,377,292.5309159756,stimulus,
baseline_4,clonesa_g2_002,27,M,4,True,1_probe_min,377,292.5494639874,tap,l
baseline_4,clonesa_g2_002,27,M,4,True,1_probe_min,377,293.2519800663,tap,s
baseline_4,clonesa_g2_002,27,M,4,True,1_probe_min,378,293.2809350491,stimulus,
baseline_4,clonesa_g2_002,27,M,4,True,1_probe_min,379,294.0309569836,stimulus,
baseline_4,clonesa_g2_002,27,M,4,True,1_probe_min,379,294.0358040333,tap,l
baseline_4,clonesa_g2_002,27,M,4,True,1_probe_min,379,294.7706310749,tap,s
baseline_4,clonesa_g2_002,27,M,4,True,1_probe_min,380,294.7809760571,stimulus,
baseline_4,clonesa_g2_002,27,M,4,True,1_probe_min,380,295.5097520351,tap,s
baseline_4,clonesa_g2_002,27,M,4,True,1_probe_min,381,295.5309920311,stimulus,
baseline_4,clonesa_g2_002,27,M,4,True,1_probe_min,381,296.2527658939,tap,s
baseline_4,clonesa_g2_002,27,M,4,True,1_probe_min,382,296.2810161114,stimulus,
baseline_4,clonesa_g2_002,27,M,4,True,1_probe_min,382,297.0202300549,tap,s
baseline_4,clonesa_g2_002,27,M,4,True,1_probe_min,383,297.0310249329,stimulus,
baseline_4,clonesa_g2_002,27,M,4,True,1_probe_min,383,297.7227120399,tap,s
baseline_4,clonesa_g2_002,27,M,4,True,1_probe_min,384,297.7810471058,stimulus,
baseline_4,clonesa_g2_002,27,M,4,True,1_probe_min,384,298.4577090740,tap,l
baseline_4,clonesa_g2_002,27,M,4,True,1_probe_min,385,298.5310640335,stimulus,
baseline_4,clonesa_g2_002,27,M,4,True,1_probe_min,385,299.2211329937,tap,l
baseline_4,clonesa_g2_002,27,M,4,True,1_probe_min,386,299.2810840607,stimulus,
baseline_4,clonesa_g2_002,27,M,4,True,1_probe_min,386,299.9682610035,tap,l
baseline_4,clonesa_g2_002,27,M,4,True,1_probe_min,387,300.0310981274,stimulus,
baseline_4,clonesa_g2_002,27,M,4,True,1_probe_min,387,300.7275440693,tap,l
baseline_4,clonesa_g2_002,27,M,4,True,1_probe_min,388,300.7811110020,stimulus,
baseline_4,clonesa_g2_002,27,M,4,True,1_probe_min,388,301.4705650806,tap,s
baseline_4,clonesa_g2_002,27,M,4,True,1_probe_min,389,301.5311310291,stimulus,
baseline_4,clonesa_g2_002,27,M,4,True,1_probe_min,389,302.1650080681,tap,s
baseline_4,clonesa_g2_002,27,M,4,True,1_probe_min,390,302.2811439037,stimulus,
baseline_4,clonesa_g2_002,27,M,4,True,1_probe_min,390,302.9893751144,tap,l
baseline_4,clonesa_g2_002,27,M,4,True,1_probe_min,391,303.0311539173,stimulus,
baseline_4,clonesa_g2_002,27,M,4,True,1_probe_min,391,303.6877679825,tap,s
baseline_4,clonesa_g2_002,27,M,4,True,1_probe_min,392,303.7811770439,stimulus,
baseline_4,clonesa_g2_002,27,M,4,True,1_probe_min,392,304.5079989433,tap,l
baseline_4,clonesa_g2_002,27,M,4,True,1_probe_min,393,304.5311920643,stimulus,
baseline_4,clonesa_g2_002,27,M,4,True,1_probe_min,394,305.2812149525,stimulus,
baseline_4,clonesa_g2_002,27,M,4,True,1_probe_min,394,305.2916359901,tap,s
baseline_4,clonesa_g2_002,27,M,4,True,1_probe_min,395,306.0312399864,stimulus,
baseline_4,clonesa_g2_002,27,M,4,True,1_probe_min,395,306.0509889126,tap,s
baseline_4,clonesa_g2_002,27,M,4,True,1_probe_min,395,306.7697150707,tap,s
baseline_4,clonesa_g2_002,27,M,4,True,1_probe_min,396,306.7812519073,stimulus,
baseline_4,clonesa_g2_002,27,M,4,True,1_probe_min,397,307.5312719345,stimulus,
baseline_4,clonesa_g2_002,27,M,4,True,1_probe_min,397,307.5412158966,tap,s
baseline_4,clonesa_g2_002,27,M,4,True,1_probe_min,398,308.2812910080,stimulus,
baseline_4,clonesa_g2_002,27,M,4,True,1_probe_min,398,308.3735160828,tap,l
baseline_4,clonesa_g2_002,27,M,4,True,1_probe_min,399,309.0313091278,stimulus,
baseline_4,clonesa_g2_002,27,M,4,True,1_probe_min,399,309.0354189873,tap,l
baseline_4,clonesa_g2_002,27,M,4,True,1_probe_min,399,309.7096500397,tap,l
baseline_4,clonesa_g2_002,27,M,4,True,1_probe_min,400,310.4972100258,probe_task,2
baseline_4,clonesa_g2_002,27,M,4,True,1_probe_min,400,311.1141660213,probe_intention,2
baseline_4,clonesa_g2_002,27,M,4,True,1_probe_min,399,311.6982250214,probe_somnolence,2
