# {'participant': 'clonesa_g2_002', 'age': '27', 'sex': 'M', 'session': 'N', 'EEG': 'Yes', 'Block number': '4', 'duration in min': '5', 'P.freq': '1: 40-80 s', 'date': '2022_mars_25_1456', 'expName': 'FT-RSGT', 'frameRate': 59.9509164221302}
condition,subj, age,sex,block_num,EEG,probe_freq,trial,time, stimulus, response
baseline_4,clonesa_g2_002,27,M,4,True,1_probe_min,0,0.0004620552,stimulus,
baseline_4,clonesa_g2_002,27,M,4,True,1_probe_min,0,0.2380831242,tap,l
baseline_4,clonesa_g2_002,27,M,4,True,1_probe_min,1,0.7502100468,stimulus,
baseline_4,clonesa_g2_002,27,M,4,True,1_probe_min,1,0.8555760384,tap,l
baseline_4,clonesa_g2_002,27,M,4,True,1_probe_min,2,1.5002219677,stimulus,
baseline_4,clonesa_g2_002,27,M,4,True,1_probe_min,2,1.5340931416,tap,l
baseline_4,clonesa_g2_002,27,M,4,True,1_probe_min,2,2.2369899750,tap,l
baseline_4,clonesa_g2_002,27,M,4,True,1_probe_min,3,2.2502350807,stimulus,
baseline_4,clonesa_g2_002,27,M,4,True,1_probe_min,3,2.9561750889,tap,l
baseline_4,clonesa_g2_002,27,M,4,True,1_probe_min,4,3.0002489090,stimulus,
baseline_4,clonesa_g2_002,27,M,4,True,1_probe_min,4,3.6590850353,tap,l
baseline_4,clonesa_g2_002,27,M,4,True,1_probe_min,5,3.7502660751,stimulus,
baseline_4,clonesa_g2_002,27,M,4,True,1_probe_min,5,4.4066700935,tap,s
baseline_4,clonesa_g2_002,27,M,4,True,1_probe_min,6,4.5002899170,stimulus,
baseline_4,clonesa_g2_002,27,M,4,True,1_probe_min,6,5.1704080105,tap,l
baseline_4,clonesa_g2_002,27,M,4,True,1_probe_min,7,5.2503061295,stimulus,
baseline_4,clonesa_g2_002,27,M,4,True,1_probe_min,7,5.9177560806,tap,s
baseline_4,clonesa_g2_002,27,M,4,True,1_probe_min,8,6.0003240108,stimulus,
baseline_4,clonesa_g2_002,27,M,4,True,1_probe_min,8,6.6575701237,tap,s
baseline_4,clonesa_g2_002,27,M,4,True,1_probe_min,9,6.7503371239,stimulus,
baseline_4,clonesa_g2_002,27,M,4,True,1_probe_min,9,7.4376771450,tap,l
baseline_4,clonesa_g2_002,27,M,4,True,1_probe_min,10,7.5003590584,stimulus,
baseline_4,clonesa_g2_002,27,M,4,True,1_probe_min,10,8.1648941040,tap,s
baseline_4,clonesa_g2_002,27,M,4,True,1_probe_min,11,8.2503850460,stimulus,
baseline_4,clonesa_g2_002,27,M,4,True,1_probe_min,11,8.9489600658,tap,l
baseline_4,clonesa_g2_002,27,M,4,True,1_probe_min,12,9.0004050732,stimulus,
baseline_4,clonesa_g2_002,27,M,4,True,1_probe_min,12,9.6762270927,tap,s
baseline_4,clonesa_g2_002,27,M,4,True,1_probe_min,13,9.7504270077,stimulus,
baseline_4,clonesa_g2_002,27,M,4,True,1_probe_min,13,10.4278531075,tap,s
baseline_4,clonesa_g2_002,27,M,4,True,1_probe_min,14,10.5004460812,stimulus,
baseline_4,clonesa_g2_002,27,M,4,True,1_probe_min,14,11.1835620403,tap,s
baseline_4,clonesa_g2_002,27,M,4,True,1_probe_min,15,11.2504649162,stimulus,
baseline_4,clonesa_g2_002,27,M,4,True,1_probe_min,15,11.9229290485,tap,s
baseline_4,clonesa_g2_002,27,M,4,True,1_probe_min,16,12.0004911423,stimulus,
baseline_4,clonesa_g2_002,27,M,4,True,1_probe_min,16,12.6988630295,tap,l
baseline_4,clonesa_g2_002,27,M,4,True,1_probe_min,17,12.7504990101,stimulus,
baseline_4,clonesa_g2_002,27,M,4,True,1_probe_min,17,13.4381859303,tap,l
baseline_4,clonesa_g2_002,27,M,4,True,1_probe_min,18,13.5005180836,stimulus,
baseline_4,clonesa_g2_002,27,M,4,True,1_probe_min,18,14.1776840687,tap,l
baseline_4,clonesa_g2_002,27,M,4,True,1_probe_min,19,14.2505359650,stimulus,
baseline_4,clonesa_g2_002,27,M,4,True,1_probe_min,19,14.9535639286,tap,l
baseline_4,clonesa_g2_002,27,M,4,True,1_probe_min,20,15.0005691051,stimulus,
baseline_4,clonesa_g2_002,27,M,4,True,1_probe_min,20,15.6808319092,tap,s
baseline_4,clonesa_g2_002,27,M,4,True,1_probe_min,21,15.7505660057,stimulus,
baseline_4,clonesa_g2_002,27,M,4,True,1_probe_min,21,16.4610249996,tap,l
baseline_4,clonesa_g2_002,27,M,4,True,1_probe_min,22,16.5005679131,stimulus,
baseline_4,clonesa_g2_002,27,M,4,True,1_probe_min,22,17.1678199768,tap,s
baseline_4,clonesa_g2_002,27,M,4,True,1_probe_min,23,17.2506060600,stimulus,
baseline_4,clonesa_g2_002,27,M,4,True,1_probe_min,23,17.8949930668,tap,s
baseline_4,clonesa_g2_002,27,M,4,True,1_probe_min,24,18.0006279945,stimulus,
baseline_4,clonesa_g2_002,27,M,4,True,1_probe_min,24,18.6060390472,tap,s
baseline_4,clonesa_g2_002,27,M,4,True,1_probe_min,25,18.7506480217,stimulus,
baseline_4,clonesa_g2_002,27,M,4,True,1_probe_min,25,19.3983030319,tap,l
baseline_4,clonesa_g2_002,27,M,4,True,1_probe_min,26,19.5006639957,stimulus,
baseline_4,clonesa_g2_002,27,M,4,True,1_probe_min,26,20.1822979450,tap,l
baseline_4,clonesa_g2_002,27,M,4,True,1_probe_min,27,20.2506849766,stimulus,
baseline_4,clonesa_g2_002,27,M,4,True,1_probe_min,27,20.9217331409,tap,l
baseline_4,clonesa_g2_002,27,M,4,True,1_probe_min,28,21.0007021427,stimulus,
baseline_4,clonesa_g2_002,27,M,4,True,1_probe_min,28,21.6449739933,tap,l
baseline_4,clonesa_g2_002,27,M,4,True,1_probe_min,29,21.7507281303,stimulus,
baseline_4,clonesa_g2_002,27,M,4,True,1_probe_min,29,22.3925440311,tap,s
baseline_4,clonesa_g2_002,27,M,4,True,1_probe_min,30,22.5007450581,stimulus,
baseline_4,clonesa_g2_002,27,M,4,True,1_probe_min,30,23.1562850475,tap,l
baseline_4,clonesa_g2_002,27,M,4,True,1_probe_min,31,23.2507600784,stimulus,
baseline_4,clonesa_g2_002,27,M,4,True,1_probe_min,31,23.9159770012,tap,s
baseline_4,clonesa_g2_002,27,M,4,True,1_probe_min,32,24.0007750988,stimulus,
baseline_4,clonesa_g2_002,27,M,4,True,1_probe_min,32,24.6960029602,tap,s
baseline_4,clonesa_g2_002,27,M,4,True,1_probe_min,33,24.7508149147,stimulus,
baseline_4,clonesa_g2_002,27,M,4,True,1_probe_min,33,25.4313499928,tap,l
baseline_4,clonesa_g2_002,27,M,4,True,1_probe_min,34,25.5008139610,stimulus,
baseline_4,clonesa_g2_002,27,M,4,True,1_probe_min,34,26.1992170811,tap,l
baseline_4,clonesa_g2_002,27,M,4,True,1_probe_min,35,26.2508559227,stimulus,
baseline_4,clonesa_g2_002,27,M,4,True,1_probe_min,35,26.9507620335,tap,l
baseline_4,clonesa_g2_002,27,M,4,True,1_probe_min,36,27.0008480549,stimulus,
baseline_4,clonesa_g2_002,27,M,4,True,1_probe_min,36,27.6861231327,tap,l
baseline_4,clonesa_g2_002,27,M,4,True,1_probe_min,37,27.7508599758,stimulus,
baseline_4,clonesa_g2_002,27,M,4,True,1_probe_min,37,28.3565349579,tap,l
baseline_4,clonesa_g2_002,27,M,4,True,1_probe_min,38,28.5008819103,stimulus,
baseline_4,clonesa_g2_002,27,M,4,True,1_probe_min,38,29.1487650871,tap,s
baseline_4,clonesa_g2_002,27,M,4,True,1_probe_min,39,29.2509100437,stimulus,
baseline_4,clonesa_g2_002,27,M,4,True,1_probe_min,39,29.9125080109,tap,s
baseline_4,clonesa_g2_002,27,M,4,True,1_probe_min,40,30.0009279251,stimulus,
baseline_4,clonesa_g2_002,27,M,4,True,1_probe_min,40,30.7047619820,tap,s
baseline_4,clonesa_g2_002,27,M,4,True,1_probe_min,41,30.7509479523,stimulus,
baseline_4,clonesa_g2_002,27,M,4,True,1_probe_min,41,31.4928729534,tap,s
baseline_4,clonesa_g2_002,27,M,4,True,1_probe_min,42,31.5009620190,stimulus,
baseline_4,clonesa_g2_002,27,M,4,True,1_probe_min,42,32.2282500267,tap,s
baseline_4,clonesa_g2_002,27,M,4,True,1_probe_min,43,32.2509870529,stimulus,
baseline_4,clonesa_g2_002,27,M,4,True,1_probe_min,43,32.9595100880,tap,s
baseline_4,clonesa_g2_002,27,M,4,True,1_probe_min,44,33.0010070801,stimulus,
baseline_4,clonesa_g2_002,27,M,4,True,1_probe_min,44,33.7235190868,tap,l
baseline_4,clonesa_g2_002,27,M,4,True,1_probe_min,45,33.7510390282,stimulus,
baseline_4,clonesa_g2_002,27,M,4,True,1_probe_min,45,34.4586651325,tap,l
baseline_4,clonesa_g2_002,27,M,4,True,1_probe_min,46,34.5010371208,stimulus,
baseline_4,clonesa_g2_002,27,M,4,True,1_probe_min,46,35.1778690815,tap,s
baseline_4,clonesa_g2_002,27,M,4,True,1_probe_min,47,35.2510521412,stimulus,
baseline_4,clonesa_g2_002,27,M,4,True,1_probe_min,47,35.8968811035,tap,l
baseline_4,clonesa_g2_002,27,M,4,True,1_probe_min,48,36.0124590397,stimulus,
baseline_4,clonesa_g2_002,27,M,4,True,1_probe_min,48,36.6567230225,tap,l
baseline_4,clonesa_g2_002,27,M,4,True,1_probe_min,49,36.7511241436,stimulus,
baseline_4,clonesa_g2_002,27,M,4,True,1_probe_min,49,37.4084520340,tap,l
baseline_4,clonesa_g2_002,27,M,4,True,1_probe_min,50,37.5011250973,stimulus,
baseline_4,clonesa_g2_002,27,M,4,True,1_probe_min,50,38.1518011093,tap,l
baseline_4,clonesa_g2_002,27,M,4,True,1_probe_min,51,38.2511260509,stimulus,
baseline_4,clonesa_g2_002,27,M,4,True,1_probe_min,51,38.8709061146,tap,s
baseline_4,clonesa_g2_002,27,M,4,True,1_probe_min,52,39.0011370182,stimulus,
baseline_4,clonesa_g2_002,27,M,4,True,1_probe_min,52,39.6428289413,tap,s
baseline_4,clonesa_g2_002,27,M,4,True,1_probe_min,53,39.7512140274,stimulus,
baseline_4,clonesa_g2_002,27,M,4,True,1_probe_min,53,40.4514000416,tap,s
baseline_4,clonesa_g2_002,27,M,4,True,1_probe_min,54,40.5012121201,stimulus,
baseline_4,clonesa_g2_002,27,M,4,True,1_probe_min,54,41.1664249897,tap,l
baseline_4,clonesa_g2_002,27,M,4,True,1_probe_min,55,41.2512149811,stimulus,
baseline_4,clonesa_g2_002,27,M,4,True,1_probe_min,55,41.9219999313,tap,s
baseline_4,clonesa_g2_002,27,M,4,True,1_probe_min,56,42.0012159348,stimulus,
baseline_4,clonesa_g2_002,27,M,4,True,1_probe_min,56,42.7141599655,tap,l
baseline_4,clonesa_g2_002,27,M,4,True,1_probe_min,57,42.7512390614,stimulus,
baseline_4,clonesa_g2_002,27,M,4,True,1_probe_min,57,43.4495019913,tap,l
baseline_4,clonesa_g2_002,27,M,4,True,1_probe_min,58,43.5012490749,stimulus,
baseline_4,clonesa_g2_002,27,M,4,True,1_probe_min,58,44.1848950386,tap,l
baseline_4,clonesa_g2_002,27,M,4,True,1_probe_min,59,44.2512750626,stimulus,
baseline_4,clonesa_g2_002,27,M,4,True,1_probe_min,59,44.9001350403,tap,s
baseline_4,clonesa_g2_002,27,M,4,True,1_probe_min,60,45.0012941360,stimulus,
baseline_4,clonesa_g2_002,27,M,4,True,1_probe_min,60,45.7044470310,tap,l
baseline_4,clonesa_g2_002,27,M,4,True,1_probe_min,61,45.7513120174,stimulus,
baseline_4,clonesa_g2_002,27,M,4,True,1_probe_min,61,46.4681370258,tap,l
baseline_4,clonesa_g2_002,27,M,4,True,1_probe_min,62,46.5013251305,stimulus,
baseline_4,clonesa_g2_002,27,M,4,True,1_probe_min,62,47.2034590244,tap,l
baseline_4,clonesa_g2_002,27,M,4,True,1_probe_min,63,47.2513420582,stimulus,
baseline_4,clonesa_g2_002,27,M,4,True,1_probe_min,63,47.9144260883,tap,s
baseline_4,clonesa_g2_002,27,M,4,True,1_probe_min,64,48.0013589859,stimulus,
baseline_4,clonesa_g2_002,27,M,4,True,1_probe_min,64,48.6417059898,tap,l
baseline_4,clonesa_g2_002,27,M,4,True,1_probe_min,65,48.7513809204,stimulus,
baseline_4,clonesa_g2_002,27,M,4,True,1_probe_min,65,49.4988319874,tap,s
baseline_4,clonesa_g2_002,27,M,4,True,1_probe_min,66,49.5013959408,stimulus,
baseline_4,clonesa_g2_002,27,M,4,True,1_probe_min,67,50.2514219284,stimulus,
baseline_4,clonesa_g2_002,27,M,4,True,1_probe_min,67,50.2789220810,tap,l
baseline_4,clonesa_g2_002,27,M,4,True,1_probe_min,67,50.9776711464,tap,s
baseline_4,clonesa_g2_002,27,M,4,True,1_probe_min,68,51.0014340878,stimulus,
baseline_4,clonesa_g2_002,27,M,4,True,1_probe_min,68,51.7496180534,tap,l
baseline_4,clonesa_g2_002,27,M,4,True,1_probe_min,69,51.7514491081,stimulus,
baseline_4,clonesa_g2_002,27,M,4,True,1_probe_min,69,52.5012960434,tap,s
baseline_4,clonesa_g2_002,27,M,4,True,1_probe_min,70,52.5022659302,stimulus,
baseline_4,clonesa_g2_002,27,M,4,True,1_probe_min,71,53.2515320778,stimulus,
baseline_4,clonesa_g2_002,27,M,4,True,1_probe_min,71,53.2529029846,tap,s
baseline_4,clonesa_g2_002,27,M,4,True,1_probe_min,72,54.0015370846,stimulus,
baseline_4,clonesa_g2_002,27,M,4,True,1_probe_min,72,54.0289080143,tap,s
baseline_4,clonesa_g2_002,27,M,4,True,1_probe_min,73,54.7515721321,stimulus,
baseline_4,clonesa_g2_002,27,M,4,True,1_probe_min,73,54.7525970936,tap,l
baseline_4,clonesa_g2_002,27,M,4,True,1_probe_min,74,55.5015740395,stimulus,
baseline_4,clonesa_g2_002,27,M,4,True,1_probe_min,74,55.5442500114,tap,l
baseline_4,clonesa_g2_002,27,M,4,True,1_probe_min,74,56.2390820980,tap,l
baseline_4,clonesa_g2_002,27,M,4,True,1_probe_min,75,56.2515869141,stimulus,
baseline_4,clonesa_g2_002,27,M,4,True,1_probe_min,75,56.9622259140,tap,l
baseline_4,clonesa_g2_002,27,M,4,True,1_probe_min,76,57.0016009808,stimulus,
baseline_4,clonesa_g2_002,27,M,4,True,1_probe_min,76,57.7138330936,tap,s
baseline_4,clonesa_g2_002,27,M,4,True,1_probe_min,77,57.7516160011,stimulus,
baseline_4,clonesa_g2_002,27,M,4,True,1_probe_min,77,58.4694120884,tap,s
baseline_4,clonesa_g2_002,27,M,4,True,1_probe_min,78,58.5016279221,stimulus,
baseline_4,clonesa_g2_002,27,M,4,True,1_probe_min,79,59.2516460419,stimulus,
baseline_4,clonesa_g2_002,27,M,4,True,1_probe_min,79,59.2698180676,tap,s
baseline_4,clonesa_g2_002,27,M,4,True,1_probe_min,79,60.0012331009,tap,l
baseline_4,clonesa_g2_002,27,M,4,True,1_probe_min,80,60.0022780895,stimulus,
baseline_4,clonesa_g2_002,27,M,4,True,1_probe_min,80,60.7325069904,tap,s
baseline_4,clonesa_g2_002,27,M,4,True,1_probe_min,81,60.7516949177,stimulus,
baseline_4,clonesa_g2_002,27,M,4,True,1_probe_min,81,61.4677951336,tap,l
baseline_4,clonesa_g2_002,27,M,4,True,1_probe_min,82,61.5017099380,stimulus,
baseline_4,clonesa_g2_002,27,M,4,True,1_probe_min,82,62.1991529465,tap,l
baseline_4,clonesa_g2_002,27,M,4,True,1_probe_min,83,62.2517309189,stimulus,
baseline_4,clonesa_g2_002,27,M,4,True,1_probe_min,83,62.9589619637,tap,l
baseline_4,clonesa_g2_002,27,M,4,True,1_probe_min,84,63.0017430782,stimulus,
baseline_4,clonesa_g2_002,27,M,4,True,1_probe_min,84,63.7227759361,tap,s
baseline_4,clonesa_g2_002,27,M,4,True,1_probe_min,85,63.7517571449,stimulus,
baseline_4,clonesa_g2_002,27,M,4,True,1_probe_min,85,64.4744150639,tap,s
baseline_4,clonesa_g2_002,27,M,4,True,1_probe_min,86,64.5017740726,stimulus,
baseline_4,clonesa_g2_002,27,M,4,True,1_probe_min,86,65.2016770840,tap,s
baseline_4,clonesa_g2_002,27,M,4,True,1_probe_min,87,66.4038081169,probe_task,2
baseline_4,clonesa_g2_002,27,M,4,True,1_probe_min,87,69.3557651043,probe_intention,3
baseline_4,clonesa_g2_002,27,M,4,True,1_probe_min,87,71.2408549786,probe_somnolence,2
baseline_4,clonesa_g2_002,27,M,4,True,1_probe_min,88,72.0086100101,stimulus,
baseline_4,clonesa_g2_002,27,M,4,True,1_probe_min,88,72.2290160656,tap,l
baseline_4,clonesa_g2_002,27,M,4,True,1_probe_min,89,72.7584190369,stimulus,
baseline_4,clonesa_g2_002,27,M,4,True,1_probe_min,89,72.8182511330,tap,l
baseline_4,clonesa_g2_002,27,M,4,True,1_probe_min,89,73.4766860008,tap,l
baseline_4,clonesa_g2_002,27,M,4,True,1_probe_min,90,73.5084531307,stimulus,
baseline_4,clonesa_g2_002,27,M,4,True,1_probe_min,90,74.2079401016,tap,s
baseline_4,clonesa_g2_002,27,M,4,True,1_probe_min,91,74.2584509850,stimulus,
baseline_4,clonesa_g2_002,27,M,4,True,1_probe_min,91,74.9961669445,tap,l
baseline_4,clonesa_g2_002,27,M,4,True,1_probe_min,92,75.0084829330,stimulus,
baseline_4,clonesa_g2_002,27,M,4,True,1_probe_min,92,75.7233319283,tap,s
baseline_4,clonesa_g2_002,27,M,4,True,1_probe_min,93,75.7584919930,stimulus,
baseline_4,clonesa_g2_002,27,M,4,True,1_probe_min,93,76.4750189781,tap,s
baseline_4,clonesa_g2_002,27,M,4,True,1_probe_min,94,76.5085210800,stimulus,
baseline_4,clonesa_g2_002,27,M,4,True,1_probe_min,94,77.2021701336,tap,s
baseline_4,clonesa_g2_002,27,M,4,True,1_probe_min,95,77.2585389614,stimulus,
baseline_4,clonesa_g2_002,27,M,4,True,1_probe_min,95,77.9213991165,tap,s
baseline_4,clonesa_g2_002,27,M,4,True,1_probe_min,96,78.0085611343,stimulus,
baseline_4,clonesa_g2_002,27,M,4,True,1_probe_min,96,78.6933159828,tap,s
baseline_4,clonesa_g2_002,27,M,4,True,1_probe_min,97,78.7585809231,stimulus,
baseline_4,clonesa_g2_002,27,M,4,True,1_probe_min,97,79.4083950520,tap,s
baseline_4,clonesa_g2_002,27,M,4,True,1_probe_min,98,79.5086069107,stimulus,
baseline_4,clonesa_g2_002,27,M,4,True,1_probe_min,98,80.1600041389,tap,l
baseline_4,clonesa_g2_002,27,M,4,True,1_probe_min,99,80.2586309910,stimulus,
baseline_4,clonesa_g2_002,27,M,4,True,1_probe_min,99,80.9237639904,tap,l
baseline_4,clonesa_g2_002,27,M,4,True,1_probe_min,100,81.0086650848,stimulus,
baseline_4,clonesa_g2_002,27,M,4,True,1_probe_min,100,81.6348171234,tap,l
baseline_4,clonesa_g2_002,27,M,4,True,1_probe_min,101,81.7586619854,stimulus,
baseline_4,clonesa_g2_002,27,M,4,True,1_probe_min,101,82.4432640076,tap,s
baseline_4,clonesa_g2_002,27,M,4,True,1_probe_min,102,82.5086839199,stimulus,
baseline_4,clonesa_g2_002,27,M,4,True,1_probe_min,102,83.1911029816,tap,s
baseline_4,clonesa_g2_002,27,M,4,True,1_probe_min,103,83.2586960793,stimulus,
baseline_4,clonesa_g2_002,27,M,4,True,1_probe_min,103,83.9508321285,tap,l
baseline_4,clonesa_g2_002,27,M,4,True,1_probe_min,104,84.0087199211,stimulus,
baseline_4,clonesa_g2_002,27,M,4,True,1_probe_min,104,84.6779789925,tap,l
baseline_4,clonesa_g2_002,27,M,4,True,1_probe_min,105,84.7587420940,stimulus,
baseline_4,clonesa_g2_002,27,M,4,True,1_probe_min,105,85.4458880424,tap,l
baseline_4,clonesa_g2_002,27,M,4,True,1_probe_min,106,85.5087609291,stimulus,
baseline_4,clonesa_g2_002,27,M,4,True,1_probe_min,106,86.2056810856,tap,s
baseline_4,clonesa_g2_002,27,M,4,True,1_probe_min,107,86.2587771416,stimulus,
baseline_4,clonesa_g2_002,27,M,4,True,1_probe_min,107,86.9451811314,tap,s
baseline_4,clonesa_g2_002,27,M,4,True,1_probe_min,108,87.0087940693,stimulus,
baseline_4,clonesa_g2_002,27,M,4,True,1_probe_min,108,87.6804709435,tap,s
baseline_4,clonesa_g2_002,27,M,4,True,1_probe_min,109,87.7588169575,stimulus,
baseline_4,clonesa_g2_002,27,M,4,True,1_probe_min,109,88.4889619350,tap,l
baseline_4,clonesa_g2_002,27,M,4,True,1_probe_min,110,88.5088341236,stimulus,
baseline_4,clonesa_g2_002,27,M,4,True,1_probe_min,110,89.2161829472,tap,l
baseline_4,clonesa_g2_002,27,M,4,True,1_probe_min,111,89.2588460445,stimulus,
baseline_4,clonesa_g2_002,27,M,4,True,1_probe_min,111,89.9150259495,tap,s
baseline_4,clonesa_g2_002,27,M,4,True,1_probe_min,112,90.0088820457,stimulus,
baseline_4,clonesa_g2_002,27,M,4,True,1_probe_min,112,90.6828899384,tap,l
baseline_4,clonesa_g2_002,27,M,4,True,1_probe_min,113,90.7589080334,stimulus,
baseline_4,clonesa_g2_002,27,M,4,True,1_probe_min,113,91.4223229885,tap,l
baseline_4,clonesa_g2_002,27,M,4,True,1_probe_min,114,91.5088939667,stimulus,
baseline_4,clonesa_g2_002,27,M,4,True,1_probe_min,114,92.1739571095,tap,s
baseline_4,clonesa_g2_002,27,M,4,True,1_probe_min,115,92.2589099407,stimulus,
baseline_4,clonesa_g2_002,27,M,4,True,1_probe_min,115,92.9092760086,tap,s
baseline_4,clonesa_g2_002,27,M,4,True,1_probe_min,116,93.0089280605,stimulus,
baseline_4,clonesa_g2_002,27,M,4,True,1_probe_min,116,93.6447439194,tap,s
baseline_4,clonesa_g2_002,27,M,4,True,1_probe_min,117,93.7589521408,stimulus,
baseline_4,clonesa_g2_002,27,M,4,True,1_probe_min,117,94.4128861427,tap,l
baseline_4,clonesa_g2_002,27,M,4,True,1_probe_min,118,94.5089731216,stimulus,
baseline_4,clonesa_g2_002,27,M,4,True,1_probe_min,118,95.1605160236,tap,s
baseline_4,clonesa_g2_002,27,M,4,True,1_probe_min,119,95.2590100765,stimulus,
baseline_4,clonesa_g2_002,27,M,4,True,1_probe_min,119,95.9567420483,tap,s
baseline_4,clonesa_g2_002,27,M,4,True,1_probe_min,120,96.0090129375,stimulus,
baseline_4,clonesa_g2_002,27,M,4,True,1_probe_min,120,96.6435971260,tap,s
baseline_4,clonesa_g2_002,27,M,4,True,1_probe_min,121,96.7590260506,stimulus,
baseline_4,clonesa_g2_002,27,M,4,True,1_probe_min,121,97.3872039318,tap,s
baseline_4,clonesa_g2_002,27,M,4,True,1_probe_min,122,97.5090370178,stimulus,
baseline_4,clonesa_g2_002,27,M,4,True,1_probe_min,122,98.1550099850,tap,s
baseline_4,clonesa_g2_002,27,M,4,True,1_probe_min,123,98.2590639591,stimulus,
baseline_4,clonesa_g2_002,27,M,4,True,1_probe_min,123,98.9065361023,tap,l
baseline_4,clonesa_g2_002,27,M,4,True,1_probe_min,124,99.0090889931,stimulus,
baseline_4,clonesa_g2_002,27,M,4,True,1_probe_min,124,99.6987459660,tap,l
baseline_4,clonesa_g2_002,27,M,4,True,1_probe_min,125,99.7591049671,stimulus,
baseline_4,clonesa_g2_002,27,M,4,True,1_probe_min,125,100.4625990391,tap,s
baseline_4,clonesa_g2_002,27,M,4,True,1_probe_min,126,100.5091230869,stimulus,
baseline_4,clonesa_g2_002,27,M,4,True,1_probe_min,126,101.2344870567,tap,l
baseline_4,clonesa_g2_002,27,M,4,True,1_probe_min,127,101.2591679096,stimulus,
baseline_4,clonesa_g2_002,27,M,4,True,1_probe_min,127,101.9576959610,tap,l
baseline_4,clonesa_g2_002,27,M,4,True,1_probe_min,128,102.0092000961,stimulus,
baseline_4,clonesa_g2_002,27,M,4,True,1_probe_min,128,102.6361019611,tap,s
baseline_4,clonesa_g2_002,27,M,4,True,1_probe_min,129,102.7592010498,stimulus,
baseline_4,clonesa_g2_002,27,M,4,True,1_probe_min,129,103.4447219372,tap,s
baseline_4,clonesa_g2_002,27,M,4,True,1_probe_min,130,103.5092010498,stimulus,
baseline_4,clonesa_g2_002,27,M,4,True,1_probe_min,130,104.2085459232,tap,l
baseline_4,clonesa_g2_002,27,M,4,True,1_probe_min,131,104.2592940331,stimulus,
baseline_4,clonesa_g2_002,27,M,4,True,1_probe_min,131,104.9358329773,tap,l
baseline_4,clonesa_g2_002,27,M,4,True,1_probe_min,132,105.0092871189,stimulus,
baseline_4,clonesa_g2_002,27,M,4,True,1_probe_min,133,105.7593319416,stimulus,
baseline_4,clonesa_g2_002,27,M,4,True,1_probe_min,133,105.7807850838,tap,s
baseline_4,clonesa_g2_002,27,M,4,True,1_probe_min,133,106.4635119438,tap,l
baseline_4,clonesa_g2_002,27,M,4,True,1_probe_min,134,106.5092871189,stimulus,
baseline_4,clonesa_g2_002,27,M,4,True,1_probe_min,134,107.2069239616,tap,l
baseline_4,clonesa_g2_002,27,M,4,True,1_probe_min,135,107.2592921257,stimulus,
baseline_4,clonesa_g2_002,27,M,4,True,1_probe_min,135,107.9424090385,tap,l
baseline_4,clonesa_g2_002,27,M,4,True,1_probe_min,136,108.0092940331,stimulus,
baseline_4,clonesa_g2_002,27,M,4,True,1_probe_min,136,108.7102179527,tap,l
baseline_4,clonesa_g2_002,27,M,4,True,1_probe_min,137,108.7593150139,stimulus,
baseline_4,clonesa_g2_002,27,M,4,True,1_probe_min,137,109.4374630451,tap,l
baseline_4,clonesa_g2_002,27,M,4,True,1_probe_min,138,109.5093309879,stimulus,
baseline_4,clonesa_g2_002,27,M,4,True,1_probe_min,138,110.2419259548,tap,s
baseline_4,clonesa_g2_002,27,M,4,True,1_probe_min,139,110.2593851089,stimulus,
baseline_4,clonesa_g2_002,27,M,4,True,1_probe_min,139,111.0016789436,tap,l
baseline_4,clonesa_g2_002,27,M,4,True,1_probe_min,140,111.0093719959,stimulus,
baseline_4,clonesa_g2_002,27,M,4,True,1_probe_min,140,111.7208571434,tap,l
baseline_4,clonesa_g2_002,27,M,4,True,1_probe_min,141,111.7593970299,stimulus,
baseline_4,clonesa_g2_002,27,M,4,True,1_probe_min,141,112.4358100891,tap,l
baseline_4,clonesa_g2_002,27,M,4,True,1_probe_min,142,112.5094170570,stimulus,
baseline_4,clonesa_g2_002,27,M,4,True,1_probe_min,142,113.2320859432,tap,l
baseline_4,clonesa_g2_002,27,M,4,True,1_probe_min,143,113.2594299316,stimulus,
baseline_4,clonesa_g2_002,27,M,4,True,1_probe_min,143,113.9593811035,tap,s
baseline_4,clonesa_g2_002,27,M,4,True,1_probe_min,144,114.0094480515,stimulus,
baseline_4,clonesa_g2_002,27,M,4,True,1_probe_min,144,114.6744570732,tap,s
baseline_4,clonesa_g2_002,27,M,4,True,1_probe_min,145,114.7594630718,stimulus,
baseline_4,clonesa_g2_002,27,M,4,True,1_probe_min,145,115.4748029709,tap,l
baseline_4,clonesa_g2_002,27,M,4,True,1_probe_min,146,115.5094859600,stimulus,
baseline_4,clonesa_g2_002,27,M,4,True,1_probe_min,146,116.2142629623,tap,l
baseline_4,clonesa_g2_002,27,M,4,True,1_probe_min,147,116.2594990730,stimulus,
baseline_4,clonesa_g2_002,27,M,4,True,1_probe_min,147,116.9496591091,tap,s
baseline_4,clonesa_g2_002,27,M,4,True,1_probe_min,148,117.0095210075,stimulus,
baseline_4,clonesa_g2_002,27,M,4,True,1_probe_min,148,117.6809179783,tap,s
baseline_4,clonesa_g2_002,27,M,4,True,1_probe_min,149,117.7595360279,stimulus,
baseline_4,clonesa_g2_002,27,M,4,True,1_probe_min,149,118.4569890499,tap,s
baseline_4,clonesa_g2_002,27,M,4,True,1_probe_min,150,118.5095479488,stimulus,
baseline_4,clonesa_g2_002,27,M,4,True,1_probe_min,150,119.2045340538,tap,l
baseline_4,clonesa_g2_002,27,M,4,True,1_probe_min,151,119.2595720291,stimulus,
baseline_4,clonesa_g2_002,27,M,4,True,1_probe_min,151,119.9805209637,tap,s
baseline_4,clonesa_g2_002,27,M,4,True,1_probe_min,152,120.0095920563,stimulus,
baseline_4,clonesa_g2_002,27,M,4,True,1_probe_min,152,120.7158980370,tap,l
baseline_4,clonesa_g2_002,27,M,4,True,1_probe_min,153,120.7596130371,stimulus,
baseline_4,clonesa_g2_002,27,M,4,True,1_probe_min,153,121.4797110558,tap,s
baseline_4,clonesa_g2_002,27,M,4,True,1_probe_min,154,121.5096321106,stimulus,
baseline_4,clonesa_g2_002,27,M,4,True,1_probe_min,154,122.2070231438,tap,l
baseline_4,clonesa_g2_002,27,M,4,True,1_probe_min,155,122.2596480846,stimulus,
baseline_4,clonesa_g2_002,27,M,4,True,1_probe_min,155,122.9261109829,tap,s
baseline_4,clonesa_g2_002,27,M,4,True,1_probe_min,156,123.0096719265,stimulus,
baseline_4,clonesa_g2_002,27,M,4,True,1_probe_min,156,123.6533401012,tap,l
baseline_4,clonesa_g2_002,27,M,4,True,1_probe_min,157,123.7596919537,stimulus,
baseline_4,clonesa_g2_002,27,M,4,True,1_probe_min,157,124.4212939739,tap,s
baseline_4,clonesa_g2_002,27,M,4,True,1_probe_min,158,124.5097110271,stimulus,
baseline_4,clonesa_g2_002,27,M,4,True,1_probe_min,159,125.2597539425,stimulus,
baseline_4,clonesa_g2_002,27,M,4,True,1_probe_min,159,125.2624559402,tap,l
baseline_4,clonesa_g2_002,27,M,4,True,1_probe_min,159,125.9734590054,tap,s
baseline_4,clonesa_g2_002,27,M,4,True,1_probe_min,160,126.0097510815,stimulus,
baseline_4,clonesa_g2_002,27,M,4,True,1_probe_min,160,126.7047441006,tap,l
baseline_4,clonesa_g2_002,27,M,4,True,1_probe_min,161,126.7597649097,stimulus,
baseline_4,clonesa_g2_002,27,M,4,True,1_probe_min,161,127.4808239937,tap,l
baseline_4,clonesa_g2_002,27,M,4,True,1_probe_min,162,127.5097780228,stimulus,
baseline_4,clonesa_g2_002,27,M,4,True,1_probe_min,162,128.1917431355,tap,l
baseline_4,clonesa_g2_002,27,M,4,True,1_probe_min,163,128.2597670555,stimulus,
baseline_4,clonesa_g2_002,27,M,4,True,1_probe_min,163,128.9515929222,tap,l
baseline_4,clonesa_g2_002,27,M,4,True,1_probe_min,164,129.0098109245,stimulus,
baseline_4,clonesa_g2_002,27,M,4,True,1_probe_min,164,129.6707201004,tap,l
baseline_4,clonesa_g2_002,27,M,4,True,1_probe_min,165,129.7598309517,stimulus,
baseline_4,clonesa_g2_002,27,M,4,True,1_probe_min,165,130.4670019150,tap,s
baseline_4,clonesa_g2_002,27,M,4,True,1_probe_min,166,130.5098431110,stimulus,
baseline_4,clonesa_g2_002,27,M,4,True,1_probe_min,166,131.1739439964,tap,l
baseline_4,clonesa_g2_002,27,M,4,True,1_probe_min,167,131.2598640919,stimulus,
baseline_4,clonesa_g2_002,27,M,4,True,1_probe_min,167,131.9173390865,tap,s
baseline_4,clonesa_g2_002,27,M,4,True,1_probe_min,168,132.0098829269,stimulus,
baseline_4,clonesa_g2_002,27,M,4,True,1_probe_min,168,132.7340490818,tap,s
baseline_4,clonesa_g2_002,27,M,4,True,1_probe_min,169,132.7599010468,stimulus,
baseline_4,clonesa_g2_002,27,M,4,True,1_probe_min,169,133.4613389969,tap,l
baseline_4,clonesa_g2_002,27,M,4,True,1_probe_min,170,133.5099160671,stimulus,
baseline_4,clonesa_g2_002,27,M,4,True,1_probe_min,170,134.2454910278,tap,l
baseline_4,clonesa_g2_002,27,M,4,True,1_probe_min,171,134.2599411011,stimulus,
baseline_4,clonesa_g2_002,27,M,4,True,1_probe_min,171,134.9930210114,tap,l
baseline_4,clonesa_g2_002,27,M,4,True,1_probe_min,172,135.0099549294,stimulus,
baseline_4,clonesa_g2_002,27,M,4,True,1_probe_min,173,135.7599749565,stimulus,
baseline_4,clonesa_g2_002,27,M,4,True,1_probe_min,173,135.7609629631,tap,l
baseline_4,clonesa_g2_002,27,M,4,True,1_probe_min,173,136.4801371098,tap,l
baseline_4,clonesa_g2_002,27,M,4,True,1_probe_min,174,136.5099921227,stimulus,
baseline_4,clonesa_g2_002,27,M,4,True,1_probe_min,174,137.1626269817,tap,s
baseline_4,clonesa_g2_002,27,M,4,True,1_probe_min,175,137.2600140572,stimulus,
baseline_4,clonesa_g2_002,27,M,4,True,1_probe_min,176,138.0100331306,stimulus,
baseline_4,clonesa_g2_002,27,M,4,True,1_probe_min,176,138.0239539146,tap,s
baseline_4,clonesa_g2_002,27,M,4,True,1_probe_min,177,138.7600529194,stimulus,
baseline_4,clonesa_g2_002,27,M,4,True,1_probe_min,177,138.8081610203,tap,l
baseline_4,clonesa_g2_002,27,M,4,True,1_probe_min,178,139.5100741386,stimulus,
baseline_4,clonesa_g2_002,27,M,4,True,1_probe_min,178,139.5435230732,tap,s
baseline_4,clonesa_g2_002,27,M,4,True,1_probe_min,179,140.2600929737,stimulus,
baseline_4,clonesa_g2_002,27,M,4,True,1_probe_min,179,140.3194141388,tap,s
baseline_4,clonesa_g2_002,27,M,4,True,1_probe_min,180,141.0101130009,stimulus,
baseline_4,clonesa_g2_002,27,M,4,True,1_probe_min,180,141.0548119545,tap,s
baseline_4,clonesa_g2_002,27,M,4,True,1_probe_min,181,141.7601289749,stimulus,
baseline_4,clonesa_g2_002,27,M,4,True,1_probe_min,181,141.7699279785,tap,l
baseline_4,clonesa_g2_002,27,M,4,True,1_probe_min,181,142.4972491264,tap,l
baseline_4,clonesa_g2_002,27,M,4,True,1_probe_min,182,142.5101089478,stimulus,
baseline_4,clonesa_g2_002,27,M,4,True,1_probe_min,182,143.2000389099,tap,l
baseline_4,clonesa_g2_002,27,M,4,True,1_probe_min,183,143.2601549625,stimulus,
baseline_4,clonesa_g2_002,27,M,4,True,1_probe_min,183,143.9313790798,tap,l
baseline_4,clonesa_g2_002,27,M,4,True,1_probe_min,184,144.0101721287,stimulus,
baseline_4,clonesa_g2_002,27,M,4,True,1_probe_min,184,144.7114109993,tap,s
baseline_4,clonesa_g2_002,27,M,4,True,1_probe_min,185,144.7602541447,stimulus,
baseline_4,clonesa_g2_002,27,M,4,True,1_probe_min,185,145.4630539417,tap,s
baseline_4,clonesa_g2_002,27,M,4,True,1_probe_min,186,145.5102500916,stimulus,
baseline_4,clonesa_g2_002,27,M,4,True,1_probe_min,186,146.2390170097,tap,l
baseline_4,clonesa_g2_002,27,M,4,True,1_probe_min,187,146.2602491379,stimulus,
baseline_4,clonesa_g2_002,27,M,4,True,1_probe_min,188,147.0102541447,stimulus,
baseline_4,clonesa_g2_002,27,M,4,True,1_probe_min,188,147.0190041065,tap,s
baseline_4,clonesa_g2_002,27,M,4,True,1_probe_min,188,147.7057261467,tap,l
baseline_4,clonesa_g2_002,27,M,4,True,1_probe_min,189,147.7603609562,stimulus,
baseline_4,clonesa_g2_002,27,M,4,True,1_probe_min,189,148.4654591084,tap,s
baseline_4,clonesa_g2_002,27,M,4,True,1_probe_min,190,148.5103380680,stimulus,
baseline_4,clonesa_g2_002,27,M,4,True,1_probe_min,190,149.2049500942,tap,l
baseline_4,clonesa_g2_002,27,M,4,True,1_probe_min,191,149.2604210377,stimulus,
baseline_4,clonesa_g2_002,27,M,4,True,1_probe_min,192,150.0103280544,stimulus,
baseline_4,clonesa_g2_002,27,M,4,True,1_probe_min,192,150.1026270390,tap,s
baseline_4,clonesa_g2_002,27,M,4,True,1_probe_min,193,150.7603440285,stimulus,
baseline_4,clonesa_g2_002,27,M,4,True,1_probe_min,193,150.7811610699,tap,l
baseline_4,clonesa_g2_002,27,M,4,True,1_probe_min,193,151.4758729935,tap,l
baseline_4,clonesa_g2_002,27,M,4,True,1_probe_min,194,151.5103440285,stimulus,
baseline_4,clonesa_g2_002,27,M,4,True,1_probe_min,195,152.2603681087,stimulus,
baseline_4,clonesa_g2_002,27,M,4,True,1_probe_min,195,152.3087699413,tap,l
baseline_4,clonesa_g2_002,27,M,4,True,1_probe_min,196,153.0103809834,stimulus,
baseline_4,clonesa_g2_002,27,M,4,True,1_probe_min,196,153.0198190212,tap,l
baseline_4,clonesa_g2_002,27,M,4,True,1_probe_min,196,153.6861619949,tap,l
baseline_4,clonesa_g2_002,27,M,4,True,1_probe_min,197,153.7603659630,stimulus,
baseline_4,clonesa_g2_002,27,M,4,True,1_probe_min,197,154.4053499699,tap,l
baseline_4,clonesa_g2_002,27,M,4,True,1_probe_min,198,154.5104191303,stimulus,
baseline_4,clonesa_g2_002,27,M,4,True,1_probe_min,198,155.1975719929,tap,s
baseline_4,clonesa_g2_002,27,M,4,True,1_probe_min,199,155.2604470253,stimulus,
baseline_4,clonesa_g2_002,27,M,4,True,1_probe_min,199,155.9897460938,tap,s
baseline_4,clonesa_g2_002,27,M,4,True,1_probe_min,200,156.0104539394,stimulus,
baseline_4,clonesa_g2_002,27,M,4,True,1_probe_min,200,156.7048349380,tap,s
baseline_4,clonesa_g2_002,27,M,4,True,1_probe_min,201,156.7604629993,stimulus,
baseline_4,clonesa_g2_002,27,M,4,True,1_probe_min,201,157.4158039093,tap,l
baseline_4,clonesa_g2_002,27,M,4,True,1_probe_min,202,157.5105040073,stimulus,
baseline_4,clonesa_g2_002,27,M,4,True,1_probe_min,202,158.1511471272,tap,s
baseline_4,clonesa_g2_002,27,M,4,True,1_probe_min,203,159.3775210381,probe_task,2
baseline_4,clonesa_g2_002,27,M,4,True,1_probe_min,203,161.3286900520,probe_intention,2
baseline_4,clonesa_g2_002,27,M,4,True,1_probe_min,203,162.2630040646,probe_somnolence,2
baseline_4,clonesa_g2_002,27,M,4,True,1_probe_min,204,163.0307290554,stimulus,
baseline_4,clonesa_g2_002,27,M,4,True,1_probe_min,204,163.0348439217,tap,l
baseline_4,clonesa_g2_002,27,M,4,True,1_probe_min,204,163.7659809589,tap,s
baseline_4,clonesa_g2_002,27,M,4,True,1_probe_min,205,163.7805910110,stimulus,
baseline_4,clonesa_g2_002,27,M,4,True,1_probe_min,206,164.5306389332,stimulus,
baseline_4,clonesa_g2_002,27,M,4,True,1_probe_min,206,164.5623350143,tap,s
baseline_4,clonesa_g2_002,27,M,4,True,1_probe_min,207,165.2806360722,stimulus,
baseline_4,clonesa_g2_002,27,M,4,True,1_probe_min,207,165.2896029949,tap,s
baseline_4,clonesa_g2_002,27,M,4,True,1_probe_min,207,166.0005049706,tap,l
baseline_4,clonesa_g2_002,27,M,4,True,1_probe_min,208,166.0306401253,stimulus,
baseline_4,clonesa_g2_002,27,M,4,True,1_probe_min,208,166.6547970772,tap,l
baseline_4,clonesa_g2_002,27,M,4,True,1_probe_min,209,166.7806661129,stimulus,
baseline_4,clonesa_g2_002,27,M,4,True,1_probe_min,209,167.5240960121,tap,s
baseline_4,clonesa_g2_002,27,M,4,True,1_probe_min,210,167.5306839943,stimulus,
baseline_4,clonesa_g2_002,27,M,4,True,1_probe_min,210,168.2758669853,tap,s
baseline_4,clonesa_g2_002,27,M,4,True,1_probe_min,211,168.2807130814,stimulus,
baseline_4,clonesa_g2_002,27,M,4,True,1_probe_min,211,168.9908170700,tap,s
baseline_4,clonesa_g2_002,27,M,4,True,1_probe_min,212,169.0307300091,stimulus,
baseline_4,clonesa_g2_002,27,M,4,True,1_probe_min,212,169.7263400555,tap,l
baseline_4,clonesa_g2_002,27,M,4,True,1_probe_min,213,169.7807569504,stimulus,
baseline_4,clonesa_g2_002,27,M,4,True,1_probe_min,213,170.4941301346,tap,l
baseline_4,clonesa_g2_002,27,M,4,True,1_probe_min,214,170.5307691097,stimulus,
baseline_4,clonesa_g2_002,27,M,4,True,1_probe_min,214,171.2702729702,tap,l
baseline_4,clonesa_g2_002,27,M,4,True,1_probe_min,215,171.2807891369,stimulus,
baseline_4,clonesa_g2_002,27,M,4,True,1_probe_min,215,171.9772729874,tap,s
baseline_4,clonesa_g2_002,27,M,4,True,1_probe_min,216,172.0308070183,stimulus,
baseline_4,clonesa_g2_002,27,M,4,True,1_probe_min,216,172.7126300335,tap,s
baseline_4,clonesa_g2_002,27,M,4,True,1_probe_min,217,172.7808310986,stimulus,
baseline_4,clonesa_g2_002,27,M,4,True,1_probe_min,217,173.4642751217,tap,s
baseline_4,clonesa_g2_002,27,M,4,True,1_probe_min,218,173.5308570862,stimulus,
baseline_4,clonesa_g2_002,27,M,4,True,1_probe_min,218,174.2118139267,tap,s
baseline_4,clonesa_g2_002,27,M,4,True,1_probe_min,219,174.2808780670,stimulus,
baseline_4,clonesa_g2_002,27,M,4,True,1_probe_min,219,174.9959309101,tap,l
baseline_4,clonesa_g2_002,27,M,4,True,1_probe_min,220,175.0308949947,stimulus,
baseline_4,clonesa_g2_002,27,M,4,True,1_probe_min,220,175.7232811451,tap,l
baseline_4,clonesa_g2_002,27,M,4,True,1_probe_min,221,175.7809209824,stimulus,
baseline_4,clonesa_g2_002,27,M,4,True,1_probe_min,221,176.4991800785,tap,l
baseline_4,clonesa_g2_002,27,M,4,True,1_probe_min,222,176.5309350491,stimulus,
baseline_4,clonesa_g2_002,27,M,4,True,1_probe_min,222,177.1777479649,tap,l
baseline_4,clonesa_g2_002,27,M,4,True,1_probe_min,223,177.2809610367,stimulus,
baseline_4,clonesa_g2_002,27,M,4,True,1_probe_min,223,177.9455099106,tap,l
baseline_4,clonesa_g2_002,27,M,4,True,1_probe_min,224,178.0309751034,stimulus,
baseline_4,clonesa_g2_002,27,M,4,True,1_probe_min,224,178.7053511143,tap,s
baseline_4,clonesa_g2_002,27,M,4,True,1_probe_min,225,178.7809889317,stimulus,
baseline_4,clonesa_g2_002,27,M,4,True,1_probe_min,225,179.5017290115,tap,s
baseline_4,clonesa_g2_002,27,M,4,True,1_probe_min,226,179.5310060978,stimulus,
baseline_4,clonesa_g2_002,27,M,4,True,1_probe_min,227,180.2810220718,stimulus,
baseline_4,clonesa_g2_002,27,M,4,True,1_probe_min,227,180.2939250469,tap,l
baseline_4,clonesa_g2_002,27,M,4,True,1_probe_min,227,181.0293600559,tap,l
baseline_4,clonesa_g2_002,27,M,4,True,1_probe_min,228,181.0310411453,stimulus,
baseline_4,clonesa_g2_002,27,M,4,True,1_probe_min,228,181.7404739857,tap,l
baseline_4,clonesa_g2_002,27,M,4,True,1_probe_min,229,181.7810630798,stimulus,
baseline_4,clonesa_g2_002,27,M,4,True,1_probe_min,229,182.5001740456,tap,l
baseline_4,clonesa_g2_002,27,M,4,True,1_probe_min,230,182.5310869217,stimulus,
baseline_4,clonesa_g2_002,27,M,4,True,1_probe_min,231,183.2811129093,stimulus,
baseline_4,clonesa_g2_002,27,M,4,True,1_probe_min,231,183.3330011368,tap,s
baseline_4,clonesa_g2_002,27,M,4,True,1_probe_min,232,184.0311341286,stimulus,
baseline_4,clonesa_g2_002,27,M,4,True,1_probe_min,232,184.0521969795,tap,s
baseline_4,clonesa_g2_002,27,M,4,True,1_probe_min,233,184.7811510563,stimulus,
baseline_4,clonesa_g2_002,27,M,4,True,1_probe_min,233,184.8403649330,tap,l
baseline_4,clonesa_g2_002,27,M,4,True,1_probe_min,234,185.5311710835,stimulus,
baseline_4,clonesa_g2_002,27,M,4,True,1_probe_min,234,185.6244831085,tap,l
baseline_4,clonesa_g2_002,27,M,4,True,1_probe_min,235,186.2811939716,stimulus,
baseline_4,clonesa_g2_002,27,M,4,True,1_probe_min,235,186.3070759773,tap,s
baseline_4,clonesa_g2_002,27,M,4,True,1_probe_min,235,187.0179669857,tap,s
baseline_4,clonesa_g2_002,27,M,4,True,1_probe_min,236,187.0312139988,stimulus,
baseline_4,clonesa_g2_002,27,M,4,True,1_probe_min,236,187.6884629726,tap,s
baseline_4,clonesa_g2_002,27,M,4,True,1_probe_min,237,187.7812919617,stimulus,
baseline_4,clonesa_g2_002,27,M,4,True,1_probe_min,237,188.4523820877,tap,l
baseline_4,clonesa_g2_002,27,M,4,True,1_probe_min,238,188.5312929153,stimulus,
baseline_4,clonesa_g2_002,27,M,4,True,1_probe_min,238,189.2688651085,tap,l
baseline_4,clonesa_g2_002,27,M,4,True,1_probe_min,239,189.2812941074,stimulus,
baseline_4,clonesa_g2_002,27,M,4,True,1_probe_min,239,189.9799079895,tap,l
baseline_4,clonesa_g2_002,27,M,4,True,1_probe_min,240,190.0312941074,stimulus,
baseline_4,clonesa_g2_002,27,M,4,True,1_probe_min,240,190.6746790409,tap,l
baseline_4,clonesa_g2_002,27,M,4,True,1_probe_min,241,190.7812950611,stimulus,
baseline_4,clonesa_g2_002,27,M,4,True,1_probe_min,242,191.5313661098,stimulus,
baseline_4,clonesa_g2_002,27,M,4,True,1_probe_min,242,191.5969190598,tap,s
baseline_4,clonesa_g2_002,27,M,4,True,1_probe_min,243,192.2813670635,stimulus,
baseline_4,clonesa_g2_002,27,M,4,True,1_probe_min,243,192.2835149765,tap,s
baseline_4,clonesa_g2_002,27,M,4,True,1_probe_min,244,193.0313680172,stimulus,
baseline_4,clonesa_g2_002,27,M,4,True,1_probe_min,244,193.0635819435,tap,s
baseline_4,clonesa_g2_002,27,M,4,True,1_probe_min,245,193.7813761234,stimulus,
baseline_4,clonesa_g2_002,27,M,4,True,1_probe_min,245,193.7948949337,tap,s
baseline_4,clonesa_g2_002,27,M,4,True,1_probe_min,245,194.5099930763,tap,s
baseline_4,clonesa_g2_002,27,M,4,True,1_probe_min,246,194.5314300060,stimulus,
baseline_4,clonesa_g2_002,27,M,4,True,1_probe_min,246,195.2129149437,tap,l
baseline_4,clonesa_g2_002,27,M,4,True,1_probe_min,247,195.2814130783,stimulus,
baseline_4,clonesa_g2_002,27,M,4,True,1_probe_min,247,195.8914461136,tap,s
baseline_4,clonesa_g2_002,27,M,4,True,1_probe_min,248,196.0314319134,stimulus,
baseline_4,clonesa_g2_002,27,M,4,True,1_probe_min,248,196.6593019962,tap,s
baseline_4,clonesa_g2_002,27,M,4,True,1_probe_min,249,196.7814440727,stimulus,
baseline_4,clonesa_g2_002,27,M,4,True,1_probe_min,249,197.4433541298,tap,l
baseline_4,clonesa_g2_002,27,M,4,True,1_probe_min,250,197.5314650536,stimulus,
baseline_4,clonesa_g2_002,27,M,4,True,1_probe_min,250,198.1787600517,tap,l
baseline_4,clonesa_g2_002,27,M,4,True,1_probe_min,251,198.2814779282,stimulus,
baseline_4,clonesa_g2_002,27,M,4,True,1_probe_min,251,198.9711229801,tap,l
baseline_4,clonesa_g2_002,27,M,4,True,1_probe_min,252,199.0315029621,stimulus,
baseline_4,clonesa_g2_002,27,M,4,True,1_probe_min,252,199.6334309578,tap,l
baseline_4,clonesa_g2_002,27,M,4,True,1_probe_min,253,199.7815201283,stimulus,
baseline_4,clonesa_g2_002,27,M,4,True,1_probe_min,253,200.4256129265,tap,s
baseline_4,clonesa_g2_002,27,M,4,True,1_probe_min,254,200.5315301418,stimulus,
baseline_4,clonesa_g2_002,27,M,4,True,1_probe_min,254,201.1853070259,tap,s
baseline_4,clonesa_g2_002,27,M,4,True,1_probe_min,255,201.2815549374,stimulus,
baseline_4,clonesa_g2_002,27,M,4,True,1_probe_min,255,201.9450061321,tap,s
baseline_4,clonesa_g2_002,27,M,4,True,1_probe_min,256,202.0315759182,stimulus,
baseline_4,clonesa_g2_002,27,M,4,True,1_probe_min,256,202.6764469147,tap,s
baseline_4,clonesa_g2_002,27,M,4,True,1_probe_min,257,202.7815940380,stimulus,
baseline_4,clonesa_g2_002,27,M,4,True,1_probe_min,257,203.4279940128,tap,l
baseline_4,clonesa_g2_002,27,M,4,True,1_probe_min,258,203.5315921307,stimulus,
baseline_4,clonesa_g2_002,27,M,4,True,1_probe_min,258,204.2284910679,tap,l
baseline_4,clonesa_g2_002,27,M,4,True,1_probe_min,259,204.2816340923,stimulus,
baseline_4,clonesa_g2_002,27,M,4,True,1_probe_min,259,204.9923119545,tap,l
baseline_4,clonesa_g2_002,27,M,4,True,1_probe_min,260,205.0316491127,stimulus,
baseline_4,clonesa_g2_002,27,M,4,True,1_probe_min,260,205.7519431114,tap,l
baseline_4,clonesa_g2_002,27,M,4,True,1_probe_min,261,205.7816629410,stimulus,
baseline_4,clonesa_g2_002,27,M,4,True,1_probe_min,261,206.4670979977,tap,l
baseline_4,clonesa_g2_002,27,M,4,True,1_probe_min,262,206.5316870213,stimulus,
baseline_4,clonesa_g2_002,27,M,4,True,1_probe_min,262,207.2309849262,tap,l
baseline_4,clonesa_g2_002,27,M,4,True,1_probe_min,263,207.2817010880,stimulus,
baseline_4,clonesa_g2_002,27,M,4,True,1_probe_min,263,207.9906060696,tap,s
baseline_4,clonesa_g2_002,27,M,4,True,1_probe_min,264,208.0317249298,stimulus,
baseline_4,clonesa_g2_002,27,M,4,True,1_probe_min,264,208.5474319458,tap,l
baseline_4,clonesa_g2_002,27,M,4,True,1_probe_min,265,208.7817430496,stimulus,
baseline_4,clonesa_g2_002,27,M,4,True,1_probe_min,265,209.4943161011,tap,s
baseline_4,clonesa_g2_002,27,M,4,True,1_probe_min,266,209.5317609310,stimulus,
baseline_4,clonesa_g2_002,27,M,4,True,1_probe_min,266,210.2093689442,tap,l
baseline_4,clonesa_g2_002,27,M,4,True,1_probe_min,267,210.2817800045,stimulus,
baseline_4,clonesa_g2_002,27,M,4,True,1_probe_min,267,211.0178411007,tap,l
baseline_4,clonesa_g2_002,27,M,4,True,1_probe_min,268,211.0317969322,stimulus,
baseline_4,clonesa_g2_002,27,M,4,True,1_probe_min,268,211.7735350132,tap,s
baseline_4,clonesa_g2_002,27,M,4,True,1_probe_min,269,211.7818169594,stimulus,
baseline_4,clonesa_g2_002,27,M,4,True,1_probe_min,269,212.5088949203,tap,l
baseline_4,clonesa_g2_002,27,M,4,True,1_probe_min,270,212.5318329334,stimulus,
baseline_4,clonesa_g2_002,27,M,4,True,1_probe_min,270,213.1793720722,tap,s
baseline_4,clonesa_g2_002,27,M,4,True,1_probe_min,271,213.2818460464,stimulus,
baseline_4,clonesa_g2_002,27,M,4,True,1_probe_min,271,213.9756870270,tap,l
baseline_4,clonesa_g2_002,27,M,4,True,1_probe_min,272,214.0318679810,stimulus,
baseline_4,clonesa_g2_002,27,M,4,True,1_probe_min,273,214.7818920612,stimulus,
baseline_4,clonesa_g2_002,27,M,4,True,1_probe_min,273,214.8167169094,tap,l
baseline_4,clonesa_g2_002,27,M,4,True,1_probe_min,273,215.5155191422,tap,l
baseline_4,clonesa_g2_002,27,M,4,True,1_probe_min,274,215.5319111347,stimulus,
baseline_4,clonesa_g2_002,27,M,4,True,1_probe_min,274,216.2428021431,tap,l
baseline_4,clonesa_g2_002,27,M,4,True,1_probe_min,275,216.2819280624,stimulus,
baseline_4,clonesa_g2_002,27,M,4,True,1_probe_min,275,217.0107209682,tap,l
baseline_4,clonesa_g2_002,27,M,4,True,1_probe_min,276,217.0319499969,stimulus,
baseline_4,clonesa_g2_002,27,M,4,True,1_probe_min,276,217.7297220230,tap,s
baseline_4,clonesa_g2_002,27,M,4,True,1_probe_min,277,217.7819650173,stimulus,
baseline_4,clonesa_g2_002,27,M,4,True,1_probe_min,277,218.4935209751,tap,s
baseline_4,clonesa_g2_002,27,M,4,True,1_probe_min,278,218.5319859982,stimulus,
baseline_4,clonesa_g2_002,27,M,4,True,1_probe_min,278,219.2776129246,tap,l
baseline_4,clonesa_g2_002,27,M,4,True,1_probe_min,279,219.2820019722,stimulus,
baseline_4,clonesa_g2_002,27,M,4,True,1_probe_min,279,219.9643321037,tap,s
baseline_4,clonesa_g2_002,27,M,4,True,1_probe_min,280,220.0320219994,stimulus,
baseline_4,clonesa_g2_002,27,M,4,True,1_probe_min,280,220.7160151005,tap,l
baseline_4,clonesa_g2_002,27,M,4,True,1_probe_min,281,220.7820429802,stimulus,
baseline_4,clonesa_g2_002,27,M,4,True,1_probe_min,281,221.5001239777,tap,s
baseline_4,clonesa_g2_002,27,M,4,True,1_probe_min,282,221.5320570469,stimulus,
baseline_4,clonesa_g2_002,27,M,4,True,1_probe_min,282,222.2194080353,tap,l
baseline_4,clonesa_g2_002,27,M,4,True,1_probe_min,283,222.2820661068,stimulus,
baseline_4,clonesa_g2_002,27,M,4,True,1_probe_min,283,222.9668359756,tap,s
baseline_4,clonesa_g2_002,27,M,4,True,1_probe_min,284,223.0320880413,stimulus,
baseline_4,clonesa_g2_002,27,M,4,True,1_probe_min,284,223.7348771095,tap,l
baseline_4,clonesa_g2_002,27,M,4,True,1_probe_min,285,225.5133390427,probe_task,2
baseline_4,clonesa_g2_002,27,M,4,True,1_probe_min,285,227.0641419888,probe_intention,2
baseline_4,clonesa_g2_002,27,M,4,True,1_probe_min,285,228.9826970100,probe_somnolence,2
baseline_4,clonesa_g2_002,27,M,4,True,1_probe_min,286,229.7502961159,stimulus,
baseline_4,clonesa_g2_002,27,M,4,True,1_probe_min,286,229.9823439121,tap,s
baseline_4,clonesa_g2_002,27,M,4,True,1_probe_min,287,230.5001509190,stimulus,
baseline_4,clonesa_g2_002,27,M,4,True,1_probe_min,287,230.5389740467,tap,l
baseline_4,clonesa_g2_002,27,M,4,True,1_probe_min,288,231.2501609325,stimulus,
baseline_4,clonesa_g2_002,27,M,4,True,1_probe_min,288,231.2663419247,tap,l
baseline_4,clonesa_g2_002,27,M,4,True,1_probe_min,289,232.0001780987,stimulus,
baseline_4,clonesa_g2_002,27,M,4,True,1_probe_min,289,232.0017919540,tap,l
baseline_4,clonesa_g2_002,27,M,4,True,1_probe_min,289,232.7371299267,tap,s
baseline_4,clonesa_g2_002,27,M,4,True,1_probe_min,290,232.7502200603,stimulus,
baseline_4,clonesa_g2_002,27,M,4,True,1_probe_min,290,233.4522700310,tap,l
baseline_4,clonesa_g2_002,27,M,4,True,1_probe_min,291,233.5002291203,stimulus,
baseline_4,clonesa_g2_002,27,M,4,True,1_probe_min,291,234.2363460064,tap,l
baseline_4,clonesa_g2_002,27,M,4,True,1_probe_min,292,234.2502410412,stimulus,
baseline_4,clonesa_g2_002,27,M,4,True,1_probe_min,292,234.9717469215,tap,l
baseline_4,clonesa_g2_002,27,M,4,True,1_probe_min,293,235.0002579689,stimulus,
baseline_4,clonesa_g2_002,27,M,4,True,1_probe_min,293,235.7193470001,tap,s
baseline_4,clonesa_g2_002,27,M,4,True,1_probe_min,294,235.7502729893,stimulus,
baseline_4,clonesa_g2_002,27,M,4,True,1_probe_min,295,236.5003480911,stimulus,
baseline_4,clonesa_g2_002,27,M,4,True,1_probe_min,295,236.5035691261,tap,s
baseline_4,clonesa_g2_002,27,M,4,True,1_probe_min,295,237.2348239422,tap,s
baseline_4,clonesa_g2_002,27,M,4,True,1_probe_min,296,237.2503509521,stimulus,
baseline_4,clonesa_g2_002,27,M,4,True,1_probe_min,296,237.9539821148,tap,s
baseline_4,clonesa_g2_002,27,M,4,True,1_probe_min,297,238.0003509521,stimulus,
baseline_4,clonesa_g2_002,27,M,4,True,1_probe_min,298,238.7503509521,stimulus,
baseline_4,clonesa_g2_002,27,M,4,True,1_probe_min,298,238.7544000149,tap,l
baseline_4,clonesa_g2_002,27,M,4,True,1_probe_min,298,239.4980261326,tap,l
baseline_4,clonesa_g2_002,27,M,4,True,1_probe_min,299,239.5003521442,stimulus,
baseline_4,clonesa_g2_002,27,M,4,True,1_probe_min,299,240.1928820610,tap,l
baseline_4,clonesa_g2_002,27,M,4,True,1_probe_min,300,240.2504220009,stimulus,
baseline_4,clonesa_g2_002,27,M,4,True,1_probe_min,300,240.9526309967,tap,l
baseline_4,clonesa_g2_002,27,M,4,True,1_probe_min,301,241.0004210472,stimulus,
baseline_4,clonesa_g2_002,27,M,4,True,1_probe_min,301,241.7164230347,tap,l
baseline_4,clonesa_g2_002,27,M,4,True,1_probe_min,302,241.7504220009,stimulus,
baseline_4,clonesa_g2_002,27,M,4,True,1_probe_min,302,242.4760890007,tap,s
baseline_4,clonesa_g2_002,27,M,4,True,1_probe_min,303,242.5004401207,stimulus,
baseline_4,clonesa_g2_002,27,M,4,True,1_probe_min,303,243.2440779209,tap,l
baseline_4,clonesa_g2_002,27,M,4,True,1_probe_min,304,243.2504489422,stimulus,
baseline_4,clonesa_g2_002,27,M,4,True,1_probe_min,304,243.9957339764,tap,s
baseline_4,clonesa_g2_002,27,M,4,True,1_probe_min,305,244.0004739761,stimulus,
baseline_4,clonesa_g2_002,27,M,4,True,1_probe_min,306,244.7504599094,stimulus,
baseline_4,clonesa_g2_002,27,M,4,True,1_probe_min,306,244.7798719406,tap,l
baseline_4,clonesa_g2_002,27,M,4,True,1_probe_min,307,245.5005040169,stimulus,
baseline_4,clonesa_g2_002,27,M,4,True,1_probe_min,307,245.5071251392,tap,s
baseline_4,clonesa_g2_002,27,M,4,True,1_probe_min,308,246.2505209446,stimulus,
baseline_4,clonesa_g2_002,27,M,4,True,1_probe_min,308,246.2546961308,tap,l
baseline_4,clonesa_g2_002,27,M,4,True,1_probe_min,309,247.0005331039,stimulus,
baseline_4,clonesa_g2_002,27,M,4,True,1_probe_min,309,247.0225040913,tap,l
baseline_4,clonesa_g2_002,27,M,4,True,1_probe_min,309,247.7335770130,tap,l
baseline_4,clonesa_g2_002,27,M,4,True,1_probe_min,310,247.7505569458,stimulus,
baseline_4,clonesa_g2_002,27,M,4,True,1_probe_min,310,248.4851770401,tap,l
baseline_4,clonesa_g2_002,27,M,4,True,1_probe_min,311,248.5005741119,stimulus,
baseline_4,clonesa_g2_002,27,M,4,True,1_probe_min,311,249.2489600182,tap,s
baseline_4,clonesa_g2_002,27,M,4,True,1_probe_min,312,249.2505869865,stimulus,
baseline_4,clonesa_g2_002,27,M,4,True,1_probe_min,312,249.9316041470,tap,s
baseline_4,clonesa_g2_002,27,M,4,True,1_probe_min,313,250.0006170273,stimulus,
baseline_4,clonesa_g2_002,27,M,4,True,1_probe_min,314,250.7506361008,stimulus,
baseline_4,clonesa_g2_002,27,M,4,True,1_probe_min,314,250.7563910484,tap,s
baseline_4,clonesa_g2_002,27,M,4,True,1_probe_min,314,251.4755110741,tap,s
baseline_4,clonesa_g2_002,27,M,4,True,1_probe_min,315,251.5006549358,stimulus,
baseline_4,clonesa_g2_002,27,M,4,True,1_probe_min,315,252.2434420586,tap,s
baseline_4,clonesa_g2_002,27,M,4,True,1_probe_min,316,252.2506749630,stimulus,
baseline_4,clonesa_g2_002,27,M,4,True,1_probe_min,317,253.0006909370,stimulus,
baseline_4,clonesa_g2_002,27,M,4,True,1_probe_min,317,253.0072181225,tap,l
baseline_4,clonesa_g2_002,27,M,4,True,1_probe_min,318,253.7507100105,stimulus,
baseline_4,clonesa_g2_002,27,M,4,True,1_probe_min,318,253.7548711300,tap,l
baseline_4,clonesa_g2_002,27,M,4,True,1_probe_min,318,254.4375460148,tap,l
baseline_4,clonesa_g2_002,27,M,4,True,1_probe_min,319,254.5007319450,stimulus,
baseline_4,clonesa_g2_002,27,M,4,True,1_probe_min,319,255.2296919823,tap,l
baseline_4,clonesa_g2_002,27,M,4,True,1_probe_min,320,255.2507469654,stimulus,
baseline_4,clonesa_g2_002,27,M,4,True,1_probe_min,321,256.0007669926,stimulus,
baseline_4,clonesa_g2_002,27,M,4,True,1_probe_min,321,256.0017669201,tap,l
baseline_4,clonesa_g2_002,27,M,4,True,1_probe_min,321,256.7046320438,tap,l
baseline_4,clonesa_g2_002,27,M,4,True,1_probe_min,322,256.7507889271,stimulus,
baseline_4,clonesa_g2_002,27,M,4,True,1_probe_min,322,257.4482121468,tap,l
baseline_4,clonesa_g2_002,27,M,4,True,1_probe_min,323,257.5007820129,stimulus,
baseline_4,clonesa_g2_002,27,M,4,True,1_probe_min,323,258.1835889816,tap,s
baseline_4,clonesa_g2_002,27,M,4,True,1_probe_min,324,258.2508249283,stimulus,
baseline_4,clonesa_g2_002,27,M,4,True,1_probe_min,325,259.0008521080,stimulus,
baseline_4,clonesa_g2_002,27,M,4,True,1_probe_min,325,259.0122840405,tap,s
baseline_4,clonesa_g2_002,27,M,4,True,1_probe_min,325,259.7314450741,tap,l
baseline_4,clonesa_g2_002,27,M,4,True,1_probe_min,326,259.7508630753,stimulus,
baseline_4,clonesa_g2_002,27,M,4,True,1_probe_min,326,260.4586610794,tap,s
baseline_4,clonesa_g2_002,27,M,4,True,1_probe_min,327,260.5008809566,stimulus,
baseline_4,clonesa_g2_002,27,M,4,True,1_probe_min,327,261.2063760757,tap,l
baseline_4,clonesa_g2_002,27,M,4,True,1_probe_min,328,261.2509031296,stimulus,
baseline_4,clonesa_g2_002,27,M,4,True,1_probe_min,328,261.9905171394,tap,l
baseline_4,clonesa_g2_002,27,M,4,True,1_probe_min,329,262.0009179115,stimulus,
baseline_4,clonesa_g2_002,27,M,4,True,1_probe_min,329,262.7380790710,tap,s
baseline_4,clonesa_g2_002,27,M,4,True,1_probe_min,330,262.7509329319,stimulus,
baseline_4,clonesa_g2_002,27,M,4,True,1_probe_min,331,263.5009510517,stimulus,
baseline_4,clonesa_g2_002,27,M,4,True,1_probe_min,331,263.5384960175,tap,l
baseline_4,clonesa_g2_002,27,M,4,True,1_probe_min,332,264.2509739399,stimulus,
baseline_4,clonesa_g2_002,27,M,4,True,1_probe_min,332,264.3104491234,tap,l
baseline_4,clonesa_g2_002,27,M,4,True,1_probe_min,333,265.0009930134,stimulus,
baseline_4,clonesa_g2_002,27,M,4,True,1_probe_min,333,265.0457279682,tap,s
baseline_4,clonesa_g2_002,27,M,4,True,1_probe_min,334,265.7510070801,stimulus,
baseline_4,clonesa_g2_002,27,M,4,True,1_probe_min,334,265.7811999321,tap,s
baseline_4,clonesa_g2_002,27,M,4,True,1_probe_min,335,266.5010259151,stimulus,
baseline_4,clonesa_g2_002,27,M,4,True,1_probe_min,335,266.5125811100,tap,l
baseline_4,clonesa_g2_002,27,M,4,True,1_probe_min,335,267.2318310738,tap,s
baseline_4,clonesa_g2_002,27,M,4,True,1_probe_min,336,267.2510440350,stimulus,
baseline_4,clonesa_g2_002,27,M,4,True,1_probe_min,336,267.9997320175,tap,s
baseline_4,clonesa_g2_002,27,M,4,True,1_probe_min,337,268.0010581017,stimulus,
baseline_4,clonesa_g2_002,27,M,4,True,1_probe_min,338,268.7510750294,stimulus,
baseline_4,clonesa_g2_002,27,M,4,True,1_probe_min,338,268.7520649433,tap,s
baseline_4,clonesa_g2_002,27,M,4,True,1_probe_min,338,269.4786839485,tap,l
baseline_4,clonesa_g2_002,27,M,4,True,1_probe_min,339,269.5010919571,stimulus,
baseline_4,clonesa_g2_002,27,M,4,True,1_probe_min,339,270.1612861156,tap,l
baseline_4,clonesa_g2_002,27,M,4,True,1_probe_min,340,270.2511141300,stimulus,
baseline_4,clonesa_g2_002,27,M,4,True,1_probe_min,341,271.0011379719,stimulus,
baseline_4,clonesa_g2_002,27,M,4,True,1_probe_min,341,271.0347609520,tap,l
baseline_4,clonesa_g2_002,27,M,4,True,1_probe_min,341,271.7498071194,tap,s
baseline_4,clonesa_g2_002,27,M,4,True,1_probe_min,342,271.7511560917,stimulus,
baseline_4,clonesa_g2_002,27,M,4,True,1_probe_min,343,272.5011699200,stimulus,
baseline_4,clonesa_g2_002,27,M,4,True,1_probe_min,343,272.5177021027,tap,s
baseline_4,clonesa_g2_002,27,M,4,True,1_probe_min,343,273.1637880802,tap,s
baseline_4,clonesa_g2_002,27,M,4,True,1_probe_min,344,273.2511930466,stimulus,
baseline_4,clonesa_g2_002,27,M,4,True,1_probe_min,344,273.9398529530,tap,l
baseline_4,clonesa_g2_002,27,M,4,True,1_probe_min,345,274.0012090206,stimulus,
baseline_4,clonesa_g2_002,27,M,4,True,1_probe_min,345,274.7199599743,tap,l
baseline_4,clonesa_g2_002,27,M,4,True,1_probe_min,346,274.7512319088,stimulus,
baseline_4,clonesa_g2_002,27,M,4,True,1_probe_min,346,275.4675230980,tap,l
baseline_4,clonesa_g2_002,27,M,4,True,1_probe_min,347,275.5012459755,stimulus,
baseline_4,clonesa_g2_002,27,M,4,True,1_probe_min,347,276.2190971375,tap,s
baseline_4,clonesa_g2_002,27,M,4,True,1_probe_min,348,276.2512669563,stimulus,
baseline_4,clonesa_g2_002,27,M,4,True,1_probe_min,349,277.0012779236,stimulus,
baseline_4,clonesa_g2_002,27,M,4,True,1_probe_min,349,277.0032420158,tap,s
baseline_4,clonesa_g2_002,27,M,4,True,1_probe_min,350,277.7512679100,stimulus,
baseline_4,clonesa_g2_002,27,M,4,True,1_probe_min,350,277.7549531460,tap,s
baseline_4,clonesa_g2_002,27,M,4,True,1_probe_min,350,278.4700031281,tap,s
baseline_4,clonesa_g2_002,27,M,4,True,1_probe_min,351,278.5013201237,stimulus,
baseline_4,clonesa_g2_002,27,M,4,True,1_probe_min,351,279.1851301193,tap,s
baseline_4,clonesa_g2_002,27,M,4,True,1_probe_min,352,279.2513971329,stimulus,
baseline_4,clonesa_g2_002,27,M,4,True,1_probe_min,352,279.9448969364,tap,l
baseline_4,clonesa_g2_002,27,M,4,True,1_probe_min,353,280.0013980865,stimulus,
baseline_4,clonesa_g2_002,27,M,4,True,1_probe_min,354,280.7513999939,stimulus,
baseline_4,clonesa_g2_002,27,M,4,True,1_probe_min,354,280.7615530491,tap,l
baseline_4,clonesa_g2_002,27,M,4,True,1_probe_min,355,281.5013999939,stimulus,
baseline_4,clonesa_g2_002,27,M,4,True,1_probe_min,355,281.5051169395,tap,l
baseline_4,clonesa_g2_002,27,M,4,True,1_probe_min,355,282.2244009972,tap,l
baseline_4,clonesa_g2_002,27,M,4,True,1_probe_min,356,282.2514710426,stimulus,
baseline_4,clonesa_g2_002,27,M,4,True,1_probe_min,356,282.9474921227,tap,l
baseline_4,clonesa_g2_002,27,M,4,True,1_probe_min,357,283.0014529228,stimulus,
baseline_4,clonesa_g2_002,27,M,4,True,1_probe_min,357,283.6747930050,tap,l
baseline_4,clonesa_g2_002,27,M,4,True,1_probe_min,358,283.7514710426,stimulus,
baseline_4,clonesa_g2_002,27,M,4,True,1_probe_min,358,284.4428141117,tap,s
baseline_4,clonesa_g2_002,27,M,4,True,1_probe_min,359,284.5014920235,stimulus,
baseline_4,clonesa_g2_002,27,M,4,True,1_probe_min,359,285.2026610374,tap,s
baseline_4,clonesa_g2_002,27,M,4,True,1_probe_min,360,285.2515389919,stimulus,
baseline_4,clonesa_g2_002,27,M,4,True,1_probe_min,361,286.0015199184,stimulus,
baseline_4,clonesa_g2_002,27,M,4,True,1_probe_min,361,286.0759351254,tap,s
baseline_4,clonesa_g2_002,27,M,4,True,1_probe_min,362,286.7515349388,stimulus,
baseline_4,clonesa_g2_002,27,M,4,True,1_probe_min,362,286.7910349369,tap,s
baseline_4,clonesa_g2_002,27,M,4,True,1_probe_min,363,287.5015530586,stimulus,
baseline_4,clonesa_g2_002,27,M,4,True,1_probe_min,363,287.5589640141,tap,s
baseline_4,clonesa_g2_002,27,M,4,True,1_probe_min,364,288.2515809536,stimulus,
baseline_4,clonesa_g2_002,27,M,4,True,1_probe_min,364,288.2740569115,tap,s
baseline_4,clonesa_g2_002,27,M,4,True,1_probe_min,365,289.0016031265,stimulus,
baseline_4,clonesa_g2_002,27,M,4,True,1_probe_min,365,289.0176291466,tap,s
baseline_4,clonesa_g2_002,27,M,4,True,1_probe_min,366,289.7516241074,stimulus,
baseline_4,clonesa_g2_002,27,M,4,True,1_probe_min,366,289.7732729912,tap,s
baseline_4,clonesa_g2_002,27,M,4,True,1_probe_min,366,290.4802360535,tap,l
baseline_4,clonesa_g2_002,27,M,4,True,1_probe_min,367,290.5016450882,stimulus,
baseline_4,clonesa_g2_002,27,M,4,True,1_probe_min,368,291.2516639233,stimulus,
baseline_4,clonesa_g2_002,27,M,4,True,1_probe_min,368,291.2725291252,tap,l
baseline_4,clonesa_g2_002,27,M,4,True,1_probe_min,369,292.0016789436,stimulus,
baseline_4,clonesa_g2_002,27,M,4,True,1_probe_min,369,292.0119879246,tap,l
baseline_4,clonesa_g2_002,27,M,4,True,1_probe_min,370,292.7516999245,stimulus,
baseline_4,clonesa_g2_002,27,M,4,True,1_probe_min,370,292.7554650307,tap,l
baseline_4,clonesa_g2_002,27,M,4,True,1_probe_min,370,293.4503009319,tap,l
baseline_4,clonesa_g2_002,27,M,4,True,1_probe_min,371,295.1684179306,probe_task,1
baseline_4,clonesa_g2_002,27,M,4,True,1_probe_min,371,296.9529781342,probe_intention,2
baseline_4,clonesa_g2_002,27,M,4,True,1_probe_min,371,298.3710169792,probe_somnolence,2
baseline_4,clonesa_g2_002,27,M,4,True,1_probe_min,372,299.1386311054,stimulus,
baseline_4,clonesa_g2_002,27,M,4,True,1_probe_min,372,299.4231729507,tap,s
baseline_4,clonesa_g2_002,27,M,4,True,1_probe_min,373,299.8884730339,stimulus,
baseline_4,clonesa_g2_002,27,M,4,True,1_probe_min,373,299.9475169182,tap,l
baseline_4,clonesa_g2_002,27,M,4,True,1_probe_min,374,300.6385140419,stimulus,
baseline_4,clonesa_g2_002,27,M,4,True,1_probe_min,374,300.6585071087,tap,l
baseline_4,clonesa_g2_002,27,M,4,True,1_probe_min,374,301.3532791138,tap,s
baseline_4,clonesa_g2_002,27,M,4,True,1_probe_min,375,301.3885259628,stimulus,
baseline_4,clonesa_g2_002,27,M,4,True,1_probe_min,375,302.0887219906,tap,s
baseline_4,clonesa_g2_002,27,M,4,True,1_probe_min,376,302.1385409832,stimulus,
baseline_4,clonesa_g2_002,27,M,4,True,1_probe_min,376,302.8159630299,tap,s
baseline_4,clonesa_g2_002,27,M,4,True,1_probe_min,377,302.8885669708,stimulus,
baseline_4,clonesa_g2_002,27,M,4,True,1_probe_min,377,303.5352029800,tap,l
baseline_4,clonesa_g2_002,27,M,4,True,1_probe_min,378,303.6385509968,stimulus,
baseline_4,clonesa_g2_002,27,M,4,True,1_probe_min,378,304.3192849159,tap,s
baseline_4,clonesa_g2_002,27,M,4,True,1_probe_min,379,304.3885891438,stimulus,
baseline_4,clonesa_g2_002,27,M,4,True,1_probe_min,379,305.0465281010,tap,l
baseline_4,clonesa_g2_002,27,M,4,True,1_probe_min,380,305.1386129856,stimulus,
baseline_4,clonesa_g2_002,27,M,4,True,1_probe_min,380,305.8388249874,tap,l
baseline_4,clonesa_g2_002,27,M,4,True,1_probe_min,381,305.8886339664,stimulus,
baseline_4,clonesa_g2_002,27,M,4,True,1_probe_min,381,306.5905060768,tap,l
baseline_4,clonesa_g2_002,27,M,4,True,1_probe_min,382,306.6386590004,stimulus,
baseline_4,clonesa_g2_002,27,M,4,True,1_probe_min,382,307.2528400421,tap,l
baseline_4,clonesa_g2_002,27,M,4,True,1_probe_min,383,307.3886780739,stimulus,
baseline_4,clonesa_g2_002,27,M,4,True,1_probe_min,383,307.9963350296,tap,l
baseline_4,clonesa_g2_002,27,M,4,True,1_probe_min,384,308.1386899948,stimulus,
baseline_4,clonesa_g2_002,27,M,4,True,1_probe_min,384,308.8089070320,tap,l
baseline_4,clonesa_g2_002,27,M,4,True,1_probe_min,385,308.8887159824,stimulus,
baseline_4,clonesa_g2_002,27,M,4,True,1_probe_min,385,309.6175210476,tap,l
baseline_4,clonesa_g2_002,27,M,4,True,1_probe_min,386,309.6387310028,stimulus,
baseline_4,clonesa_g2_002,27,M,4,True,1_probe_min,387,310.3887519836,stimulus,
baseline_4,clonesa_g2_002,27,M,4,True,1_probe_min,387,310.4097270966,tap,s
baseline_4,clonesa_g2_002,27,M,4,True,1_probe_min,388,311.1387760639,stimulus,
baseline_4,clonesa_g2_002,27,M,4,True,1_probe_min,388,311.1857149601,tap,l
baseline_4,clonesa_g2_002,27,M,4,True,1_probe_min,388,311.8481380939,tap,s
baseline_4,clonesa_g2_002,27,M,4,True,1_probe_min,389,311.8887910843,stimulus,
baseline_4,clonesa_g2_002,27,M,4,True,1_probe_min,389,312.6078810692,tap,l
baseline_4,clonesa_g2_002,27,M,4,True,1_probe_min,390,312.6388089657,stimulus,
baseline_4,clonesa_g2_002,27,M,4,True,1_probe_min,391,313.3888220787,stimulus,
baseline_4,clonesa_g2_002,27,M,4,True,1_probe_min,391,313.4042229652,tap,l
baseline_4,clonesa_g2_002,27,M,4,True,1_probe_min,392,314.1388421059,stimulus,
baseline_4,clonesa_g2_002,27,M,4,True,1_probe_min,392,314.1438410282,tap,l
baseline_4,clonesa_g2_002,27,M,4,True,1_probe_min,393,314.8888640404,stimulus,
baseline_4,clonesa_g2_002,27,M,4,True,1_probe_min,393,314.8914380074,tap,s
baseline_4,clonesa_g2_002,27,M,4,True,1_probe_min,393,315.6349279881,tap,s
baseline_4,clonesa_g2_002,27,M,4,True,1_probe_min,394,315.6388869286,stimulus,
baseline_4,clonesa_g2_002,27,M,4,True,1_probe_min,394,316.3784909248,tap,s
baseline_4,clonesa_g2_002,27,M,4,True,1_probe_min,395,316.3889019489,stimulus,
baseline_4,clonesa_g2_002,27,M,4,True,1_probe_min,395,317.0976500511,tap,s
baseline_4,clonesa_g2_002,27,M,4,True,1_probe_min,396,317.1389160156,stimulus,
baseline_4,clonesa_g2_002,27,M,4,True,1_probe_min,396,317.8370699883,tap,s
baseline_4,clonesa_g2_002,27,M,4,True,1_probe_min,397,317.8889400959,stimulus,
baseline_4,clonesa_g2_002,27,M,4,True,1_probe_min,397,318.6010110378,tap,s
baseline_4,clonesa_g2_002,27,M,4,True,1_probe_min,398,318.6389300823,stimulus,
baseline_4,clonesa_g2_002,27,M,4,True,1_probe_min,398,319.3242211342,tap,s
baseline_4,clonesa_g2_002,27,M,4,True,1_probe_min,399,319.3889689445,stimulus,
baseline_4,clonesa_g2_002,27,M,4,True,1_probe_min,399,320.1001689434,tap,l
baseline_4,clonesa_g2_002,27,M,4,True,1_probe_min,400,322.2399499416,probe_task,2
baseline_4,clonesa_g2_002,27,M,4,True,1_probe_min,400,323.7074859142,probe_intention,2
baseline_4,clonesa_g2_002,27,M,4,True,1_probe_min,399,325.1422359943,probe_somnolence,2
